"magnitude","accelaration","status","depth","water_depth","total_stress","effective_stress","test_value","CSR","type"
7.7,0.36,"Yes",4.75,2.4,77.08,54.03,172,0.3,"SWV"
7.7,0.32,"NO",9.85,6,155.24,117.47,172.1,0.19,"SWV"
7.1,0.5,"Yes",8,1,143.5,74.83,142.3,0.4,"SWV"
7.1,0.5,"Yes",6,0.7,112.83,61.23,201.9,0.55,"SWV"
7.1,0.5,"Yes",8,0.7,144.67,73.45,169.4,0.53,"SWV"
7.1,0.5,"Yes",6,1.3,105.15,59.05,197.4,0.55,"SWV"
7.1,0.5,"Yes",4,1,69.5,40.07,135.4,0.51,"SWV"
7.1,0.5,"Yes",9.5,1,171.25,87.87,153.4,0.35,"SWV"
7.1,0.5,"Yes",6.5,0.5,118,59.14,134,0.39,"SWV"
7.1,0.5,"Yes",7,0.5,127.25,63.49,161.5,0.44,"SWV"
7.1,0.5,"Yes",4.25,1,74.13,42.25,222.6,0.57,"SWV"
7.1,0.5,"NO",1.25,1,18.63,16.18,312.5,0.37,"SWV"
7.1,0.5,"Yes",1.1,0.5,18.1,12.22,186.4,0.48,"SWV"
7.5,0.16,"NO",6.25,5,93.14,80.88,167.1,0.1,"SWV"
7.5,0.16,"Yes",4.85,1.2,84.33,48.52,122.2,0.16,"SWV"
7.5,0.16,"Yes",3.6,1.2,61.2,37.66,145.1,0.16,"SWV"
7.5,0.18,"Yes",7.5,2.5,127.45,78.43,135,0.12,"SWV"
7.5,0.18,"Yes",8.5,2,148.26,84.49,141.6,0.14,"SWV"
7.5,0.18,"Yes",10.5,1.5,196.62,108.33,135.3,0.12,"SWV"
7.5,0.18,"Yes",3.9,3,58.66,49.83,145.8,0.12,"SWV"
7.5,0.18,"NO",7.5,2,129.76,75.8,163.1,0.15,"SWV"
7.5,0.18,"NO",7.5,2.7,126.61,79.52,170.6,0.13,"SWV"
7.9,0.21,"Yes",6,1,106.5,57.45,139,0.21,"SWV"
7.9,0.23,"Yes",4.05,1,70.43,40.51,131.9,0.23,"SWV"
7.9,0.2,"Yes",2.75,0.8,47.28,28.15,148.5,0.21,"SWV"
7.9,0.15,"Yes",6.5,1,115.75,61.8,109.9,0.08,"SWV"
7.4,0.2,"Yes",3,1,51,31.38,116.9,0.2,"SWV"
7.4,0.2,"Yes",4.3,1.4,73.25,44.81,144.4,0.2,"SWV"
7.4,0.24,"Yes",9,2.7,162.85,101.05,171.3,0.2,"SWV"
7.4,0.28,"Yes",4.6,2,76.11,50.6,140.9,0.25,"SWV"
7.4,0.28,"NO",4.55,2,75.18,50.17,172.2,0.21,"SWV"
7.4,0.2,"Yes",7.5,2.6,127.06,78.99,160.4,0.16,"SWV"
7.4,0.32,"Yes",5.5,0.5,99.5,50.45,171.8,0.36,"SWV"
7.4,0.24,"Yes",7.5,2.7,133.9,86.82,110.2,0.15,"SWV"
7.4,0.2,"Yes",5.25,2.5,85.88,58.9,165.2,0.16,"SWV"
7.4,0.24,"Yes",4.5,0.5,80.54,41.54,143.1,0.26,"SWV"
7.4,0.24,"Yes",5.75,0.5,104.13,52.62,165.1,0.25,"SWV"
7.1,0.12,"Yes",8.75,1.5,155.13,84.01,133,0.1,"SWV"
7.1,0.12,"Yes",7.25,1.5,127.38,70.97,101.3,0.11,"SWV"
7.1,0.12,"Yes",4.5,0.5,81,41.76,107,0.14,"SWV"
7.1,0.12,"Yes",1.9,0.5,32.9,19.17,101.9,0.13,"SWV"
7.1,0.12,"NO",10.25,1,185.13,94.39,122.5,0.1,"SWV"
7.1,0.12,"Yes",4,1,69.5,40.07,152.1,0.12,"SWV"
8,0.4,"NO",5,3,79.01,59.39,229.9,0.34,"SWV"
8,0.45,"Yes",6.55,3,107.22,72.64,175.6,0.38,"SWV"
8,0.45,"Yes",7.5,3.7,122.11,84.83,195.5,0.38,"SWV"
8,0.4,"Yes",6,1,90,40.95,172.7,0.45,"SWV"
8,0.4,"Yes",2.15,1.1,28.1,17.31,201.7,0.42,"SWV"
8,0.45,"Yes",3.85,0.7,67.84,36.69,171.7,0.53,"SWV"
8,0.4,"NO",6.1,1.1,91,41.95,283.3,0.53,"SWV"
8,0.35,"Yes",4.1,1.1,59,29.57,177.9,0.4,"SWV"
8,0.4,"NO",4.785,1.1,69.96,33.81,217.5,0.43,"SWV"
8,0.4,"Yes",8.15,1.5,121.7,55.98,216.5,0.48,"SWV"
8,0.4,"NO",4.8,1.5,67.8,35.43,336.6,0.49,"SWV"
8,0.4,"NO",3,1,42,22.38,251.9,0.48,"SWV"
8,0.4,"Yes",3,1.1,41.4,22.76,194.8,0.46,"SWV"
8,0.2,"Yes",1.35,0.7,17.4,11.03,190.5,0.2,"SWV"
8,0.2,"Yes",2.25,1.4,27.9,19.08,142,0.18,"SWV"
8,0.2,"NO",3.95,3.1,44.61,36.27,243.2,0.16,"SWV"
8,0.2,"Yes",6,1.1,89.4,41.33,173.6,0.24,"SWV"
8,0.2,"Yes",5.5,2,92.76,58.42,140.9,0.15,"SWV"
8,0.2,"NO",5.5,0.8,98.29,51.89,181.7,0.19,"SWV"
8,0.4,"Yes",5.1,2.2,68.41,39.96,184.5,0.39,"SWV"
8,0.4,"NO",7.5,3,102.01,57.86,265.2,0.44,"SWV"
8,0.45,"Yes",2.25,1.3,28.2,18.88,184.2,0.43,"SWV"
8,0.4,"Yes",5.95,1.5,86.2,42.55,152.8,0.46,"SWV"
8,0.3,"Yes",3.55,1.3,49.3,26.74,191,0.34,"SWV"
6.7,0.12,"NO",4.3,1.4,73.25,44.81,144.4,0.12,"SWV"
6.7,0.14,"NO",4.6,2,76.11,50.6,140.9,0.12,"SWV"
6.7,0.14,"NO",4.55,2,75.18,50.17,172.2,0.1,"SWV"
6.7,0.12,"NO",7.5,2.6,127.06,78.99,160.4,0.09,"SWV"
6.7,0.12,"Yes",5.75,0.5,104.13,52.62,167.9,0.13,"SWV"
6.7,0.12,"NO",5.25,2.5,85.88,58.9,165.2,0.1,"SWV"
6.7,0.12,"Yes",4.5,0.5,80.54,41.54,143.1,0.13,"SWV"
6.7,0.12,"NO",5.75,0.5,104.13,52.62,165.1,0.12,"SWV"
6.5,0.5,"Yes",3.55,2,56.68,41.48,147.1,0.41,"SWV"
6.5,0.5,"Yes",3.3,2,52.06,39.3,155.7,0.4,"SWV"
6.5,0.5,"NO",3.15,2,49.28,38,203.9,0.39,"SWV"
6.5,0.5,"NO",3.65,2,58.53,42.34,195.9,0.41,"SWV"
6.5,0.12,"NO",4.25,2.5,67.38,50.21,117.1,0.09,"SWV"
6.5,0.51,"Yes",3,1.4,49.2,33.51,160.3,0.45,"SWV"
6.5,0.21,"Yes",4.4,2,72.41,48.86,98.3,0.18,"SWV"
6.5,0.12,"NO",4.1,2.7,63.71,49.97,114.6,0.09,"SWV"
6.5,0.13,"NO",4.65,1.5,79.28,48.38,122.9,0.12,"SWV"
6.5,0.13,"NO",4.65,1.5,79.28,48.38,136.7,0.12,"SWV"
6.5,0.13,"NO",4.65,1.5,79.28,48.38,133.6,0.12,"SWV"
5.9,0.08,"NO",14.8,1.4,267.73,135.78,152.7,0.05,"SWV"
5.9,0.08,"NO",6.15,1.4,107.7,60.62,153.8,0.07,"SWV"
5.9,0.02,"NO",3.3,2,52.06,39.3,158.5,0.02,"SWV"
5.9,0.02,"NO",3.3,2,52.06,39.3,155.7,0.02,"SWV"
5.9,0.02,"NO",3.15,2,49.28,38,203.9,0.02,"SWV"
5.9,0.02,"NO",3.4,2,53.91,40.17,195.9,0.02,"SWV"
5.9,0.36,"Yes",4.25,2.5,67.38,50.21,117.1,0.28,"SWV"
5.9,0.06,"NO",3.7,1.4,62.15,39.59,128.7,0.06,"SWV"
5.9,0.2,"Yes",4.4,2,72.41,48.86,98.3,0.17,"SWV"
5.9,0.3,"Yes",4.1,2.7,63.71,49.97,114.6,0.22,"SWV"
5.9,0.27,"Yes",4.65,1.5,79.28,48.38,122.9,0.25,"SWV"
5.9,0.27,"Yes",4.65,1.5,79.28,48.38,136.7,0.25,"SWV"
5.9,0.27,"Yes",4.65,1.5,79.28,48.38,133.6,0.25,"SWV"
7.7,0.2,"Yes",6,1,106.5,57.45,145.2,0.18,"SWV"
7.7,0.23,"Yes",5,1,88,48.76,184.2,0.24,"SWV"
7.7,0.25,"Yes",4,1,69.5,40.07,154.5,0.26,"SWV"
7.7,0.25,"Yes",7.075,1.4,124.59,68.92,164.9,0.19,"SWV"
7.7,0.25,"Yes",4,1.5,67.25,42.73,158.3,0.23,"SWV"
7.7,0.13,"Yes",5.05,1,88.93,49.2,125.9,0.12,"SWV"
7.7,0.12,"Yes",6,1,106.5,57.45,139,0.12,"SWV"
7.7,0.28,"Yes",4.4,0.4,79.6,40.36,123.4,0.27,"SWV"
7,0.12,"Yes",4.4,0.4,79.6,40.36,123.4,0.11,"SWV"
7,0.12,"Yes",6,1,106.5,57.45,139,0.11,"SWV"
6.9,0.5,"Yes",2.85,0.8,49.13,29.02,157.2,0.52,"SWV"
6.9,0.29,"Yes",2,0.8,33.4,21.63,141.7,0.28,"SWV"
6.9,0.46,"NO",2.4,1,39.9,26.17,275.2,0.43,"SWV"
6.9,0.36,"Yes",2.8,1.7,44.06,33.32,123.2,0.29,"SWV"
6.9,0.5,"Yes",2.85,0.8,49.13,29.02,217,0.52,"SWV"
6.9,0.3,"Yes",2.2,1.2,35.3,25.49,156.2,0.26,"SWV"
6.9,0.23,"NO",3.65,2.3,57.18,43.94,328.6,0.18,"SWV"
6.9,0.46,"NO",3.65,3,54.03,47.66,319.2,0.31,"SWV"
6.9,0.36,"Yes",2.9,1.5,46.9,33.17,114.9,0.31,"SWV"
6.9,0.36,"Yes",2.3,1.4,36.25,27.43,124.5,0.3,"SWV"
6.9,0.3,"Yes",2.2,1.2,35.3,25.49,135.6,0.26,"SWV"
6.9,0.36,"Yes",3.2,1.8,51.11,37.37,123.4,0.3,"SWV"
6.9,0.36,"Yes",3.2,1.8,51.11,37.37,148.1,0.3,"SWV"
6.9,0.5,"NO",2.4,0.8,40.8,25.11,232.6,0.5,"SWV"
6.9,0.36,"Yes",2.85,2,43.73,35.39,167.9,0.27,"SWV"
6.9,0.36,"Yes",2.35,1.5,36.73,28.39,170.9,0.29,"SWV"
6.9,0.36,"Yes",2.45,1.5,38.58,29.26,141.7,0.29,"SWV"
6.9,0.36,"Yes",2.35,1.5,36.73,28.39,175.5,0.29,"SWV"
6.9,0.36,"Yes",2.35,1.5,36.73,28.39,155.8,0.29,"SWV"
6.9,0.5,"Yes",2.9,0.8,50.05,29.45,216,0.52,"SWV"
6.9,0.5,"Yes",2.85,0.8,49.13,29.02,167.1,0.52,"SWV"
6.9,0.36,"Yes",2.65,1.5,42.28,31,195.2,0.3,"SWV"
6.2,0.18,"NO",3.5,0.5,62.5,33.07,159.2,0.2,"SWV"
6.2,0.16,"NO",3.5,0.5,62.5,33.07,159.2,0.18,"SWV"
6.6,0.18,"NO",3.5,0.5,62.5,33.07,159.2,0.24,"SWV"
6.2,0.04,"NO",3.5,0.5,62.5,33.07,159.2,0.05,"SWV"
6,0.06,"NO",3.5,0.5,62.5,33.07,159.2,0.07,"SWV"
6,0.06,"NO",14.8,1.4,267.73,135.78,152.7,0.04,"SWV"
6,0.06,"NO",6.15,1.4,107.7,60.62,153.8,0.06,"SWV"
6.5,0.1,"NO",9.1,6.2,140.47,112.02,110.8,0.06,"SWV"
6.5,0.18,"NO",3.3,2,52.06,39.3,158.5,0.14,"SWV"
6.5,0.18,"NO",3.3,2,52.06,39.3,155.7,0.14,"SWV"
6.5,0.18,"NO",3.15,2,49.28,38,203.9,0.14,"SWV"
6.5,0.18,"NO",3.15,2,49.28,38,211.7,0.14,"SWV"
6.5,0.15,"NO",3.25,2.5,48.88,41.52,117.1,0.11,"SWV"
6.5,0.19,"NO",3.15,1.4,51.98,34.81,146,0.17,"SWV"
6.5,0.15,"NO",3.35,2.7,49.83,43.46,99.4,0.1,"SWV"
6.5,0.15,"NO",3.35,2.7,49.83,43.46,114.6,0.1,"SWV"
6.5,0.2,"Yes",4.65,1.5,79.28,48.38,122.9,0.19,"SWV"
6.5,0.2,"Yes",4.65,1.5,79.28,48.38,136.7,0.19,"SWV"
6.5,0.2,"Yes",4.65,1.5,79.28,48.38,133.6,0.19,"SWV"
5.9,0.03,"NO",3.3,2,52.06,39.3,158.5,0.02,"SWV"
5.9,0.03,"NO",3.3,2,52.06,39.3,155.7,0.02,"SWV"
5.9,0.03,"NO",3.15,2,49.28,38,203.9,0.02,"SWV"
5.9,0.03,"NO",3.15,2,49.28,38,211.7,0.02,"SWV"
5.9,0.15,"NO",4.25,2.5,67.38,50.21,117.1,0.12,"SWV"
5.9,0.05,"NO",3.15,1.4,51.98,34.81,146,0.05,"SWV"
5.9,0.11,"NO",4.4,2,72.41,48.86,98.3,0.09,"SWV"
5.9,0.1,"NO",4.1,2.7,63.71,49.97,114.6,0.07,"SWV"
5.9,0.12,"NO",4.65,1.5,79.28,48.38,122.9,0.11,"SWV"
5.9,0.12,"NO",4.65,1.5,79.28,48.38,136.7,0.11,"SWV"
5.9,0.12,"NO",4.65,1.5,79.28,48.38,133.6,0.11,"SWV"
7,0.38,"Yes",6.455,3.5,107.96,78.97,182.1,0.26,"SWV"
7,0.34,"Yes",7.4,5,119.61,96.07,166.4,0.22,"SWV"
7,0.4,"Yes",7.4,5.6,117.1,99.44,134.8,0.2,"SWV"
7,0.4,"NO",6.205,6.2,81.86,81.86,166.2,0.21,"SWV"
7,0.38,"NO",5.45,3.5,81.31,62.18,187,0.26,"SWV"
7,0.26,"NO",5,2.4,78.49,52.98,153.1,0.2,"SWV"
7,0.26,"NO",3.65,1.8,59.43,41.28,159,0.2,"SWV"
7,0.47,"Yes",3.15,1.5,51.44,35.3,222.9,0.43,"SWV"
7,0.21,"Yes",8.055,3,135.53,85.94,182.4,0.19,"SWV"
7,0.21,"Yes",4.305,2.1,70.2,48.57,124.6,0.16,"SWV"
7,0.21,"Yes",7.5,1.8,130.66,74.74,135.1,0.15,"SWV"
7,0.24,"Yes",4.105,1.9,67.4,45.77,147.1,0.19,"SWV"
7,0.25,"Yes",8.055,1.4,138.27,72.99,151.1,0.21,"SWV"
7,0.25,"Yes",2.855,1.2,45.63,29.4,151.3,0.23,"SWV"
7,0.25,"NO",4.155,1.5,67.59,41.55,206.3,0.25,"SWV"
7,0.11,"NO",8.9,6.4,129.5,104.97,157.6,0.06,"SWV"
7,0.14,"Yes",8.35,1.4,148.18,80,144.2,0.12,"SWV"
7,0.14,"Yes",8.35,1.4,148.18,80,147.7,0.12,"SWV"
7,0.14,"Yes",8.35,1.4,148.18,80,132.8,0.12,"SWV"
7,0.14,"Yes",8.35,1.4,148.18,80,132.4,0.12,"SWV"
7,0.46,"Yes",6.75,5,107.26,90.1,145.6,0.24,"SWV"
7,0.41,"Yes",7,4.7,113.27,90.71,129.3,0.2,"SWV"
7,0.41,"Yes",8.7,3,152.71,96.79,147.5,0.27,"SWV"
7,0.46,"Yes",7.4,4.9,119.99,95.57,157.6,0.26,"SWV"
7,0.19,"NO",4.75,2.4,77.08,54.03,172,0.16,"SWV"
7,0.36,"Yes",6.65,4.2,108.72,84.69,164.1,0.23,"SWV"
7,0.36,"Yes",7.5,4.8,122.35,95.87,162.6,0.21,"SWV"
7,0.22,"Yes",3.405,1.8,54.9,39.15,146.7,0.17,"SWV"
7,0.36,"Yes",4.5,1.9,77.43,51.97,126.4,0.24,"SWV"
7,0.22,"NO",3.205,2.1,52.08,41.24,143.6,0.16,"SWV"
7,0.22,"NO",3.45,2.5,55.06,45.74,124.1,0.13,"SWV"
7,0.22,"Yes",4.5,1.9,77.43,51.97,136.6,0.17,"SWV"
7,0.26,"Yes",4.5,2.4,75.43,54.83,124,0.19,"SWV"
7,0.26,"Yes",4.05,2.4,66.88,50.69,125,0.18,"SWV"
7,0.25,"NO",4.155,1.5,67.59,41.55,219,0.25,"SWV"
7,0.25,"NO",4.155,1.5,67.59,41.55,239.6,0.26,"SWV"
7,0.15,"NO",9.85,6,155.24,117.47,172.1,0.09,"SWV"
7,0.15,"NO",8.75,6,134.89,107.92,154.9,0.09,"SWV"
7,0.42,"NO",4,1.8,65.77,44.48,204.9,0.36,"SWV"
7,0.42,"Yes",2.2,1.2,35.21,25.6,135.8,0.36,"SWV"
7,0.42,"Yes",2.6,0.6,45.4,25.78,141.9,0.46,"SWV"
7,0.42,"Yes",3.25,2.1,50.68,39.4,209.7,0.33,"SWV"
7,0.42,"NO",2.15,1.8,31.55,28.41,175.2,0.29,"SWV"
7,0.14,"Yes",8.35,1.4,152.77,84.59,142.4,0.12,"SWV"
7,0.22,"Yes",4.6,0.8,83.95,46.72,160.5,0.23,"SWV"
7,0.33,"Yes",6.055,5.3,88.18,80.78,144.1,0.19,"SWV"
7,0.13,"NO",5.255,4.2,74.44,64.09,153.6,0.08,"SWV"
7,0.14,"Yes",8.35,1.4,148.18,80,140.6,0.12,"SWV"
7,0.25,"Yes",3.8,1.9,61.76,43.12,168,0.21,"SWV"
7,0.25,"Yes",3.2,1.8,51.11,37.37,154.8,0.21,"SWV"
7,0.25,"Yes",5.85,2.3,97.88,63.06,188,0.21,"SWV"
7,0.25,"Yes",2.85,1.8,44.63,34.33,145.7,0.2,"SWV"
7,0.25,"Yes",4.5,1.7,75.61,48.14,172,0.23,"SWV"
7,0.25,"Yes",3.3,1.2,55.65,35.05,152,0.24,"SWV"
7,0.15,"Yes",4.55,2.7,72.03,53.88,147.6,0.12,"SWV"
7,0.13,"NO",7.2,1.5,126.45,70.54,168.9,0.12,"SWV"
7,0.15,"Yes",5.75,2.4,95.58,62.72,147.9,0.13,"SWV"
7,0.14,"Yes",4,1.4,67.7,42.2,162.8,0.13,"SWV"
7,0.15,"Yes",4.55,2.7,72.03,53.88,148.4,0.12,"SWV"
7.6,0.4,"Yes",2.55,1.5,40.43,30.13,161.8,0.34,"SWV"
7.6,0.4,"Yes",7.6,2,131.61,76.67,159.3,0.37,"SWV"
7.6,0.4,"Yes",2.75,1,46.38,29.21,118.5,0.36,"SWV"
7.6,0.4,"Yes",6,1,106.5,57.45,127.9,0.32,"SWV"
7.6,0.4,"Yes",4,1,69.5,40.07,139.5,0.41,"SWV"
7.6,0.46,"Yes",4.5,1.6,76.12,47.53,197.6,0.44,"SWV"
7.6,0.4,"Yes",6.15,1.5,107.03,61.41,134.8,0.39,"SWV"
7.6,0.4,"Yes",9,2,157.51,88.84,164.1,0.35,"SWV"
7.7,0.14,"Yes",7,2,120.51,71.46,148.4,0.11,"SWV"
7.7,0.14,"Yes",4.75,2,78.88,51.9,122.5,0.11,"SWV"
7.7,0.14,"Yes",6.5,3,106.76,72.42,157.8,0.11,"SWV"
7.7,0.14,"Yes",6.5,2,111.26,67.11,142.5,0.1,"SWV"
7.7,0.16,"Yes",6.35,2,108.48,65.81,166.1,0.15,"SWV"
7.7,0.14,"NO",7.5,2,129.76,75.8,209.9,0.14,"SWV"
7.7,0.14,"Yes",4.8,3,75.31,57.65,138.8,0.11,"SWV"
7.7,0.19,"Yes",1.75,1,27.88,20.52,81.7,0.16,"SWV"
7.7,0.19,"Yes",4.35,0.7,77.33,41.52,105.6,0.21,"SWV"
7.7,0.22,"Yes",6.25,2.5,104.38,67.59,174.9,0.19,"SWV"
7.7,0.22,"Yes",6.25,2.5,104.38,67.59,184,0.2,"SWV"
7.7,0.22,"Yes",6.25,2.5,104.38,67.59,161.7,0.2,"SWV"
7.7,0.18,"Yes",3,1,51,31.38,153.3,0.18,"SWV"
7.7,0.18,"NO",5,1.5,85.75,51.42,174.3,0.16,"SWV"
7.7,0.5,"Yes",2,0.5,34.75,20.04,120.8,0.49,"SWV"
7.7,0.29,"Yes",1.45,0.9,22.78,17.38,155.3,0.24,"SWV"
7.7,0.18,"Yes",1.65,0.5,28.28,16.99,153.7,0.19,"SWV"
7.7,0.18,"Yes",2.7,0.5,47.7,26.12,139.6,0.21,"SWV"
7.7,0.25,"Yes",6,0.5,108.75,54.8,134.1,0.24,"SWV"
7.7,0.5,"Yes",5,2,83.51,54.08,188.5,0.49,"SWV"
7.7,0.29,"Yes",3,2,46.51,36.7,123.1,0.23,"SWV"
7.7,0.29,"Yes",3.25,1,55.63,33.56,151.5,0.3,"SWV"
7.7,0.5,"Yes",5.45,2,91.83,57.99,213,0.51,"SWV"
7.7,0.25,"Yes",4.5,0.5,81,41.76,111,0.28,"SWV"
7.7,0.14,"NO",5.05,2.5,82.18,57.17,207.8,0.12,"SWV"
7.7,0.5,"Yes",6,0.5,108.75,54.8,133.6,0.4,"SWV"
7,0.12,"NO",10.4,2,183.41,101,168.4,0.09,"SWV"
7,0.5,"Yes",8.7,2.4,150.16,88.35,156.9,0.38,"SWV"
7,0.5,"Yes",8.7,2.4,150.16,88.35,153.3,0.38,"SWV"
7,0.4,"NO",9,7,135.05,115.4,155.8,0.21,"SWV"
7,0.2,"Yes",4.8,2.5,77.56,54.99,124.3,0.16,"SWV"
7,0.5,"Yes",5.8,4,89.31,71.65,198.8,0.34,"SWV"
7,0.5,"Yes",5.5,2.8,89.16,62.67,149.1,0.33,"SWV"
7,0.55,"Yes",10.25,1.4,183.33,96.51,158.8,0.37,"SWV"
7,0.5,"Yes",10,1,180.5,92.21,183,0.39,"SWV"
7,0.5,"Yes",7,3,116.01,76.77,193.8,0.43,"SWV"
7,0.5,"Yes",9.5,3,162.26,98.49,169.9,0.34,"SWV"
7,0.5,"Yes",6.05,2.2,102.03,64.26,211.2,0.42,"SWV"
7,0.6,"Yes",9,5.8,140.42,109.03,197.3,0.45,"SWV"
7,0.5,"NO",6,4,93.01,73.39,230.7,0.38,"SWV"
7,0.6,"NO",6.5,6,93.27,88.36,205.5,0.36,"SWV"
7,0.6,"NO",6.15,2,104.78,64.07,211.6,0.54,"SWV"
7,0.6,"Yes",5.25,2,88.36,55.98,197,0.54,"SWV"
7,0.6,"Yes",7.15,2.5,121.03,75.42,209.3,0.48,"SWV"
7,0.6,"Yes",7.8,2.9,131.26,83.19,199.1,0.44,"SWV"
7,0.6,"NO",6.8,2,117.03,69.45,242.5,0.58,"SWV"
7,0.6,"Yes",7.65,2,132.53,77.1,206.2,0.54,"SWV"
7,0.6,"NO",4.5,2.1,73.81,50.26,206.4,0.53,"SWV"
7,0.6,"NO",4.9,2,81.66,53.21,224.5,0.55,"SWV"
7,0.5,"Yes",6.25,3.2,101.23,71.31,181.4,0.42,"SWV"
7,0.5,"Yes",8,2,139.01,80.15,217.9,0.51,"SWV"
7,0.5,"Yes",4.25,1.5,71.88,44.9,168.5,0.46,"SWV"
7,0.52,"Yes",9,2.5,155.26,91.49,190.7,0.45,"SWV"
7,0.5,"Yes",18,3.7,316.36,176.08,188.2,0.42,"SWV"
7,0.5,"Yes",7.7,3.7,126,86.35,181.3,0.39,"SWV"
7,0.5,"Yes",7.5,1.5,132,73.14,215.6,0.51,"SWV"
7,0.35,"Yes",3.95,3,59.58,50.26,159,0.25,"SWV"
7,0.52,"Yes",4.5,2.6,71.56,52.92,182.4,0.43,"SWV"
7,0.5,"Yes",6.3,2.5,105.31,68.03,190.5,0.45,"SWV"
7,0.5,"Yes",6,2.3,100.66,64.36,190.7,0.45,"SWV"
7,0.5,"Yes",3.2,2.3,48.86,40.03,206.7,0.37,"SWV"
7,0.6,"Yes",5,4,74.51,64.7,197.2,0.41,"SWV"
7,0.6,"Yes",9.15,2.9,156.23,94.92,192,0.48,"SWV"
7,0.5,"Yes",2.5,1,41.75,27.04,173.2,0.49,"SWV"
7,0.6,"Yes",7.5,0.7,135.6,68.89,142.8,0.47,"SWV"
7,0.6,"Yes",6.5,1.6,113.05,64.99,158.7,0.48,"SWV"
7,0.6,"Yes",2.5,1,41.75,27.04,205.8,0.56,"SWV"
7,0.6,"Yes",5,2.4,81.71,56.2,180.6,0.44,"SWV"
7,0.5,"Yes",8.2,3.5,135.96,89.85,166.4,0.32,"SWV"
7,0.6,"Yes",5,1.7,84.86,52.48,160.5,0.48,"SWV"
7,0.6,"Yes",6.75,2,115.88,69.28,168.2,0.49,"SWV"
7,0.5,"Yes",6,1.5,104.25,60.11,145.3,0.43,"SWV"
7,0.5,"Yes",7,2.1,120.28,71.72,162.8,0.37,"SWV"
7,0.6,"Yes",6.5,1.2,114.85,62.86,166.2,0.5,"SWV"
7,0.5,"Yes",7,0.5,127.25,63.49,175.1,0.5,"SWV"
7,0.4,"Yes",3.35,2,52.98,39.74,161,0.31,"SWV"
7,0.5,"Yes",5.3,2.1,88.83,56.95,175.5,0.42,"SWV"
7,0.6,"Yes",6.5,1.5,113.5,64.45,151.6,0.46,"SWV"
7,0.6,"Yes",5.5,2.1,92.53,58.69,165.1,0.47,"SWV"
7,0.6,"Yes",5.25,3,83.63,61.56,140.2,0.39,"SWV"
7,0.6,"Yes",5.75,2.5,95.13,63.25,153.1,0.42,"SWV"
7,0.6,"Yes",5.5,2.5,90.51,61.08,124.5,0.37,"SWV"
7,0.6,"Yes",6.15,3.1,100.06,69.65,189.2,0.46,"SWV"
7,0.5,"Yes",7.5,4,120.76,86.43,178.7,0.37,"SWV"
7,0.5,"Yes",9.5,4,157.76,103.81,184.1,0.39,"SWV"
7,0.5,"Yes",8,3.9,130.46,90.24,152.7,0.29,"SWV"
7,0.4,"Yes",3.25,2.5,48.88,41.52,205.1,0.31,"SWV"
7,0.4,"NO",3.55,3,52.09,46.74,240.9,0.29,"SWV"
7,0.4,"Yes",18.5,2.4,331.68,173.25,199.7,0.37,"SWV"
7,0.4,"NO",4.85,3.5,73.99,60.74,271.5,0.32,"SWV"
7,0.4,"NO",16,3.5,280.26,157.64,280.4,0.45,"SWV"
7,0.4,"NO",9,2.2,156.61,89.9,256.3,0.45,"SWV"
7,0.4,"NO",6.5,3.5,104.51,75.08,298.2,0.36,"SWV"
7,0.4,"NO",10.5,2.2,184.36,102.93,240.7,0.46,"SWV"
7,0.4,"NO",5.85,3.5,92.49,69.43,271.4,0.34,"SWV"
7,0.34,"Yes",6.85,3.5,110.99,78.12,199.8,0.28,"SWV"
7,0.3,"NO",12.5,2.9,218.21,124.03,247.9,0.32,"SWV"
7,0.5,"Yes",6.5,3.2,105.86,73.49,164,0.38,"SWV"
7,0.43,"Yes",13.45,3.7,232.19,136.54,159.8,0.41,"SWV"
7,0.35,"NO",5.3,1.6,90.85,54.56,237.7,0.4,"SWV"
7,0.5,"Yes",4.5,3.2,68.86,56.11,185.2,0.36,"SWV"
7,0.5,"Yes",4.5,3.6,67.06,58.23,178.3,0.35,"SWV"
7,0.5,"Yes",4.5,3.6,67.06,58.23,201.4,0.35,"SWV"
7,0.4,"Yes",5.5,2,92.76,58.42,162.1,0.34,"SWV"
7,0.6,"Yes",5.5,3,88.26,63.73,202.1,0.45,"SWV"
7,0.4,"Yes",6.5,2,117.42,73.27,178.6,0.34,"SWV"
7,0.5,"Yes",6.5,4,102.26,77.74,218.8,0.4,"SWV"
7,0.5,"Yes",2.5,1,41.75,27.04,214.8,0.48,"SWV"
7,0.5,"Yes",7,0.5,127.25,63.49,160.4,0.44,"SWV"
7.6,0.4,"Yes",6,1,106.5,57.45,203.6,0.44,"SWV"
7.6,0.4,"Yes",12.7,3,221.46,126.3,185.8,0.34,"SWV"
7.6,0.4,"Yes",3.25,1.5,53.38,36.21,194.2,0.38,"SWV"
7.6,0.4,"Yes",4.55,3,70.68,55.48,205.1,0.33,"SWV"
7.6,0.4,"NO",2.25,0.5,39.38,22.21,213.5,0.45,"SWV"
7.6,0.4,"Yes",2.5,0.5,44,24.38,170.9,0.45,"SWV"
7.6,0.66,"Yes",2.3,1,38.05,25.3,176.4,0.64,"SWV"
7.6,0.66,"Yes",2.15,0.9,35.73,23.47,173.8,0.64,"SWV"
7.6,0.66,"Yes",2.9,1.5,46.9,33.17,217.8,0.6,"SWV"
7.6,0.66,"Yes",4.25,1.5,71.88,44.9,151.3,0.65,"SWV"
7.6,0.66,"Yes",7,1.3,123.65,67.74,160.4,0.52,"SWV"
7.6,0.7,"Yes",3.15,1.3,52.43,34.28,147.4,0.67,"SWV"
7.6,0.66,"Yes",4.25,1.5,76,49.02,157.8,0.63,"SWV"
7.6,0.25,"Yes",9,1.5,159.75,86.18,161.3,0.2,"SWV"
7.4,0.4,"Yes",7.25,2.4,127.68,80.1,137.3,0.31,"SWV"
7.4,0.4,"Yes",7.5,2.4,132.43,82.4,146.7,0.31,"SWV"
6.8,0.33,"Yes",5.75,2,97.38,60.59,100.1,0.21,"SWV"
6.8,0.33,"Yes",6,2,102.01,62.77,129.5,0.21,"SWV"
6.8,0.38,"Yes",5.6,1,99.1,53.98,121.2,0.26,"SWV"
6.8,0.25,"Yes",2.5,1,41.75,27.04,158.4,0.23,"SWV"
6.8,0.25,"Yes",2.5,1,41.75,27.04,145.9,0.23,"SWV"
6.8,0.25,"Yes",2.5,1,41.75,27.04,168.2,0.21,"SWV"
6.8,0.25,"Yes",6.95,3,115.08,76.33,163.2,0.19,"SWV"
6.8,0.26,"Yes",10.5,1,189.75,96.56,179.3,0.23,"SWV"
7.9,0.36,"NO",1.75,0.5,33.2,20.94,280.5,0.37,"SWV"
7.9,0.36,"Yes",1.75,0.5,33.2,20.94,173.3,0.36,"SWV"
7.9,0.36,"NO",1.75,0.5,33.2,20.94,234.4,0.37,"SWV"
7.9,0.36,"NO",1.75,0.5,33.2,20.94,362.9,0.37,"SWV"
7.9,0.36,"NO",1.75,0.5,33.2,20.94,270.5,0.37,"SWV"
7.9,0.36,"NO",1.75,0.5,33.2,20.94,245.2,0.37,"SWV"
7.9,0.36,"Yes",1.75,0.5,33.2,20.94,205.8,0.37,"SWV"
7,0.39,"Yes",2.35,1,43.4,30.16,149.1,0.36,"SWV"
7,0.22,"NO",3,1,51,31.38,116.9,0.21,"SWV"
7,0.28,"NO",4.3,1.4,73.25,44.81,144.4,0.2,"SWV"
7,0.28,"NO",9,2.7,162.85,101.05,171.3,0.2,"SWV"
7,0.26,"Yes",4.6,2,76.11,50.6,140.9,0.25,"SWV"
7,0.26,"Yes",4.55,2,75.18,50.17,172.2,0.21,"SWV"
7,0.28,"NO",7.5,2.6,127.06,78.99,160.4,0.16,"SWV"
7,0.23,"NO",5.5,0.5,99.5,50.45,171.8,0.36,"SWV"
7,0.28,"NO",7.5,2.7,133.9,86.82,110.2,0.15,"SWV"
7,0.28,"NO",5.25,2.5,85.88,58.9,165.2,0.16,"SWV"
7,0.23,"NO",4.5,0.5,80.54,41.54,143.1,0.26,"SWV"
7,0.23,"NO",5.75,0.5,104.13,52.62,165.1,0.25,"SWV"
7.8,0.4,"Yes",7.6,2,131.61,76.67,159.3,0.13,"SWV"
7.8,0.4,"NO",6,1,106.5,57.45,127.9,0.12,"SWV"
7.8,0.4,"NO",4,1,69.5,40.07,139.5,0.14,"SWV"
7.8,0.4,"NO",4.5,1.6,76.12,47.53,197.6,0.13,"SWV"
7.8,0.4,"NO",6.15,1.5,107.03,61.41,134.8,0.14,"SWV"
7.8,0.4,"Yes",9,2,157.51,88.84,164.1,0.13,"SWV"
7.8,0.4,"NO",2.55,1.5,40.43,30.13,161.8,0.12,"SWV"
7.8,0.4,"Yes",6,2,102.01,62.77,126.6,0.13,"SWV"
7.8,0.4,"NO",3,2,46.51,36.7,125.2,0.1,"SWV"
7.8,0.09,"NO",6.5,1,115.75,61.8,109.9,0.05,"SWV"
7.1,0.13,"NO",6.5,1,115.75,61.8,109.9,0.05,"SWV"
6.6,0.68,"Yes",5,2.4,87.6,43.46,157.8,0.58,"SWV"
6.6,0.68,"Yes",3.5,2.4,62.04,29.67,136.7,0.68,"SWV"
6.5,0.33,"Yes",5.5,2.4,97.08,47.05,191,0.28,"SWV"
6.5,0.33,"Yes",5.5,2.4,97.08,47.05,193.4,0.28,"SWV"
9,0.27,"Yes",4.6,2.4,79.01,53.5,139,0.29,"SWV"
9,0.27,"Yes",4.55,2.4,78.06,53.04,139.5,0.25,"SWV"
7.4,0.4,"Yes",2.9,2.4,50.9,32.26,169.6,0.39,"SWV"
7.4,0.76,"Yes",7.5,2.4,131.17,84.08,111.1,0.4,"SWV"
7.4,0.36,"Yes",9,2.4,159.67,97.86,172.7,0.3,"SWV"
7.4,0.4,"Yes",4.5,2.4,82.93,43.93,141.2,0.41,"SWV"
7.4,0.4,"Yes",5.75,2.4,107.15,55.65,162.8,0.38,"SWV"
7.4,0.2,"Yes",6,2.4,107.15,55.65,165.6,0.42,"SWV"
7.4,0.76,"Yes",7.5,2.4,131.59,83.52,158.2,0.54,"SWV"
7.4,0.76,"Yes",4.3,2.4,75.82,47.38,142.5,0.73,"SWV"
7.4,0.38,"Yes",4.6,2.4,79.01,53.5,139,0.32,"SWV"
7.4,0.38,"Yes",4.55,2.4,78.06,53.04,169.9,0.27,"SWV"
7.6,0.162,"Yes",4.4,1.1,82,49,61.2,0.17,"CPT"
7.6,0.162,"Yes",3.1,1.4,56,40,51.1,0.147,"CPT"
7.6,0.162,"No",5.5,1.7,98,61,152.1,0.163,"CPT"
7.2,0.6,"Yes",2.9,3.1,50,50,54.7,0.382,"CPT"
7.2,0.3,"Yes",1.4,1.4,24,24,31.5,0.194,"CPT"
7,0.3,"No",3.5,1,65,40,96.8,0.304,"CPT"
7.6,0.64,"Yes",6.2,3.7,109,85,71,0.51,"CPT"
7.6,0.64,"No",4.7,1.1,84,49,159.3,0.693,"CPT"
7.6,0.64,"Yes",2.7,1.5,48,36,122.3,0.545,"CPT"
7.6,0.64,"Yes",3.4,3,59,55,112.2,0.437,"CPT"
7.6,0.64,"Yes",6.3,2.2,112,72,117.1,0.615,"CPT"
7.6,0.64,"No",4.8,1.1,86,50,125,0.695,"CPT"
7.6,0.64,"Yes",5.3,1.5,95,57,81.9,0.664,"CPT"
7.6,0.61,"Yes",2,0.9,36,24,69.1,0.576,"CPT"
7.6,0.58,"Yes",5.6,1.1,104,60,141.4,0.632,"CPT"
7.6,0.26,"No",6.6,3.5,119,89,163.1,0.215,"CPT"
7.6,0.25,"Yes",3.3,1.1,60,39,69.8,0.247,"CPT"
7.6,0.25,"No",3.6,3.1,62,58,128.3,0.171,"CPT"
7.6,0.25,"Yes",2.3,0.8,42,27,76.6,0.247,"CPT"
7.6,0.2,"No",6.3,2.5,115,78,157.4,0.182,"CPT"
7.6,0.18,"Yes",3.3,2.3,58,48,52.6,0.137,"CPT"
7.6,0.16,"No",7.4,2.3,135,86,72.6,0.154,"CPT"
7.6,0.12,"Yes",4,0.2,75,38,90.2,0.15,"CPT"
7.6,0.12,"Yes",2,0.2,37,20,81.8,0.146,"CPT"
7.6,0.12,"Yes",3.3,1,61,38,72.7,0.122,"CPT"
6.53,0.13,"No",3.9,2.7,69,57,90.1,0.097,"CPT"
6.53,0.51,"Yes",3.2,1.5,58,41,82.7,0.448,"CPT"
6.53,0.2,"Yes",3.5,2.1,62,49,76.6,0.159,"CPT"
6.53,0.2,"No",2.4,2.1,42,39,128.9,0.137,"CPT"
6.33,0.19,"Yes",2.7,2.2,48,43,54.9,0.133,"CPT"
6.33,0.19,"Yes",2.9,2,52,43,80.6,0.144,"CPT"
6.33,0.19,"Yes",3,2.2,54,46,83.5,0.139,"CPT"
6.33,0.19,"Yes",2.3,2,41,38,96.7,0.13,"CPT"
5.9,0.32,"Yes",3.9,2.7,69,57,90.1,0.235,"CPT"
5.9,0.09,"No",3.2,1.5,58,41,82.7,0.078,"CPT"
5.9,0.2,"Yes",3.5,2.1,62,49,76.6,0.157,"CPT"
5.9,0.2,"No",2.4,2.1,42,39,128.9,0.136,"CPT"
5.9,0.26,"Yes",4.8,1.2,90,54,120.6,0.258,"CPT"
7.7,0.17,"Yes",1.8,0.8,33,23,37.5,0.156,"CPT"
7.7,0.17,"Yes",4.5,1,84,49,34.9,0.182,"CPT"
7.7,0.17,"No",2.9,2.4,52,47,62,0.12,"CPT"
6.88,0.3,"Yes",2.8,1.6,50,38,83,0.249,"CPT"
6.88,0.5,"Yes",2.4,0.8,44,29,133.2,0.493,"CPT"
6.88,0.5,"Yes",3.4,2.4,60,51,146.8,0.372,"CPT"
6.88,0.5,"Yes",7.3,6.8,129,124,107.8,0.306,"CPT"
6.6,0.37,"Yes",2.8,1.2,51,35,162.6,0.341,"CPT"
6.6,0.4,"Yes",7.2,1.7,134,79,67.3,0.392,"CPT"
6.6,0.4,"No",4.2,1.5,77,51,125.4,0.373,"CPT"
6.6,0.39,"Yes",5.5,2.5,100,71,73,0.331,"CPT"
6.6,0.43,"Yes",2.7,0.5,50,29,56.8,0.48,"CPT"
6.6,0.37,"No",1.9,0.9,35,25,156.4,0.33,"CPT"
6.6,0.28,"Yes",5.1,1.2,93,54,83.9,0.291,"CPT"
6.6,0.31,"Yes",8,2.5,148,94,75.1,0.277,"CPT"
6.6,0.27,"Yes",5.5,1.2,102,60,79.9,0.279,"CPT"
6.6,0.42,"Yes",7.8,1.6,144,84,83,0.413,"CPT"
6.6,0.41,"No",5.9,2.1,109,72,94.6,0.372,"CPT"
6.6,0.44,"Yes",3.8,0.8,70,41,61.3,0.471,"CPT"
6.6,0.44,"Yes",1.9,0.6,35,22,61.5,0.44,"CPT"
6.6,0.26,"Yes",5,1.3,93,56,57.1,0.26,"CPT"
6.6,0.27,"No",4.4,1.4,80,51,47,0.26,"CPT"
6.6,0.26,"No",4.7,4.4,83,80,149.9,0.165,"CPT"
6.6,0.27,"Yes",4.1,2.4,74,57,66.6,0.217,"CPT"
6.22,0.09,"No",3.5,2.1,62,49,76.6,0.071,"CPT"
6.22,0.133,"No",4.8,1.2,90,54,120.6,0.133,"CPT"
6.54,0.174,"No",3.9,2.7,69,57,90.1,0.129,"CPT"
6.54,0.2,"No",3.5,2.1,62,49,76.6,0.159,"CPT"
6.54,0.18,"No",2.4,2.1,42,39,128.9,0.123,"CPT"
6.54,0.206,"Yes",4.8,1.2,90,54,120.6,0.208,"CPT"
6.93,0.28,"Yes",3.6,1.8,64,47,73.2,0.24,"CPT"
6.93,0.28,"Yes",3.3,2.5,58,50,123.5,0.206,"CPT"
6.93,0.28,"No",3.9,3.4,68,63,191.3,0.188,"CPT"
6.93,0.28,"Yes",2.5,1.8,44,38,121,0.211,"CPT"
6.93,0.28,"Yes",1.4,1.4,24,24,51,0.181,"CPT"
6.93,0.28,"No",3.5,1.4,64,43,142.4,0.26,"CPT"
6.93,0.28,"Yes",5,1.8,92,60,114.8,0.261,"CPT"
6.93,0.28,"No",7,1.8,129,78,206.3,0.274,"CPT"
6.93,0.28,"No",2.5,1.7,45,37,134.6,0.216,"CPT"
6.93,0.28,"No",2,1.7,35,32,161.7,0.196,"CPT"
6.93,0.28,"No",6.5,1.7,120,73,202.5,0.275,"CPT"
6.93,0.28,"No",3.5,1.8,63,47,200.2,0.239,"CPT"
6.93,0.28,"No",4.1,2.6,73,59,160.6,0.218,"CPT"
6.93,0.28,"No",4.7,3.7,83,73,107.7,0.196,"CPT"
6.93,0.28,"No",3.5,2,63,48,164.5,0.23,"CPT"
6.93,0.28,"No",3.1,1.9,56,44,126.8,0.225,"CPT"
6.93,0.28,"Yes",2.1,1.5,37,31,42.5,0.213,"CPT"
6.93,0.28,"No",2.6,1.7,46,38,149.3,0.22,"CPT"
6.93,0.28,"Yes",4.1,1.9,74,53,106.7,0.246,"CPT"
6.93,0.28,"Yes",4.1,1.9,74,53,81,0.246,"CPT"
6.93,0.28,"Yes",4.7,3,84,67,58.9,0.215,"CPT"
6.93,0.28,"Yes",4.2,2.7,75,60,72.5,0.217,"CPT"
6.93,0.28,"Yes",2.9,1.2,53,36,108.3,0.259,"CPT"
6.93,0.28,"Yes",2,1,36,26,52.8,0.246,"CPT"
6.93,0.28,"Yes",2.2,1,40,28,71.8,0.254,"CPT"
6.93,0.28,"Yes",2.9,1.3,53,37,86.7,0.253,"CPT"
6.93,0.28,"Yes",3.6,1.2,66,43,116.6,0.273,"CPT"
6.93,0.28,"Yes",11,2.4,204,120,85.9,0.26,"CPT"
6.93,0.28,"Yes",8.3,1.4,155,87,91.2,0.288,"CPT"
6.93,0.28,"Yes",8.6,1.3,160,89,90.6,0.29,"CPT"
6.93,0.28,"Yes",9.8,2.2,182,107,76.1,0.266,"CPT"
6.93,0.28,"Yes",4.4,1.5,81,52,112.1,0.268,"CPT"
6.93,0.28,"Yes",5.5,2.8,99,73,24.4,0.232,"CPT"
6.93,0.26,"Yes",2.8,2.4,50,47,60.3,0.177,"CPT"
6.93,0.26,"Yes",2.6,2.4,47,45,35.8,0.173,"CPT"
6.93,0.36,"Yes",5.8,4.9,105,97,75.9,0.237,"CPT"
6.93,0.36,"Yes",6.7,4.9,117,100,94.1,0.253,"CPT"
6.93,0.36,"Yes",6,4.9,110,99,87,0.242,"CPT"
6.93,0.36,"No",8.2,3,153,102,100.6,0.313,"CPT"
6.93,0.36,"Yes",7.4,4.8,136,111,106.1,0.261,"CPT"
6.93,0.36,"Yes",8,4.8,147,116,89.1,0.266,"CPT"
6.93,0.36,"Yes",7.4,4.2,136,105,86.5,0.275,"CPT"
6.93,0.22,"No",4.9,2.5,91,67,54.8,0.183,"CPT"
6.93,0.22,"Yes",2.9,1.9,53,43,50.2,0.171,"CPT"
6.93,0.22,"Yes",4.7,1.8,87,59,68.2,0.201,"CPT"
6.93,0.22,"No",3.2,2.7,58,53,95.8,0.152,"CPT"
6.93,0.22,"Yes",4.3,2.1,79,58,75,0.187,"CPT"
6.93,0.22,"Yes",3.5,0.8,66,39,78.4,0.232,"CPT"
6.93,0.21,"Yes",6,2.1,112,73,57.5,0.193,"CPT"
6.93,0.21,"Yes",7.3,3,135,93,89.1,0.179,"CPT"
6.93,0.22,"Yes",4.5,3.4,82,72,93.3,0.157,"CPT"
6.93,0.38,"No",5.3,3.5,97,79,93.3,0.283,"CPT"
6.93,0.38,"Yes",6,4.1,110,91,79.2,0.276,"CPT"
6.93,0.4,"Yes",8.5,5.6,156,128,78.9,0.281,"CPT"
6.93,0.4,"No",6.5,6.2,118,115,163.4,0.245,"CPT"
6.93,0.13,"Yes",8.7,5,160,124,47.9,0.096,"CPT"
6.93,0.13,"No",5.3,4.2,97,86,85.1,0.089,"CPT"
6.93,0.26,"No",4,2.4,74,58,74,0.206,"CPT"
6.93,0.26,"No",2.9,1.8,53,43,85.7,0.206,"CPT"
6.93,0.34,"Yes",7.5,5,138,113,66.2,0.243,"CPT"
6.93,0.33,"Yes",7,5.3,129,112,62,0.225,"CPT"
6.93,0.38,"Yes",5.2,3.5,95,79,91.4,0.282,"CPT"
6.93,0.47,"Yes",2.7,1.5,50,38,99.5,0.391,"CPT"
6.93,0.13,"No",4.5,1.8,84,57,66.6,0.118,"CPT"
6.93,0.13,"No",4,1.7,74,52,65.9,0.116,"CPT"
6.93,0.12,"No",6.9,6.4,125,120,36.7,0.074,"CPT"
6.93,0.12,"No",7.2,6.4,131,123,53.8,0.075,"CPT"
6.93,0.24,"Yes",3.8,3,66,59,80.8,0.169,"CPT"
6.93,0.24,"No",6.2,5.5,108,102,112.7,0.154,"CPT"
6.93,0.28,"Yes",6.3,3,116,84,61.6,0.232,"CPT"
6.93,0.18,"Yes",5.5,3.5,89,70,76.3,0.14,"CPT"
6.93,0.28,"Yes",6.3,3,117,84,60.7,0.233,"CPT"
6.93,0.28,"Yes",7.5,3,139,95,96.4,0.241,"CPT"
6.93,0.16,"Yes",5,1.5,93,59,84.2,0.155,"CPT"
6.69,0.84,"Yes",8.9,7.2,164,147,127.5,0.526,"CPT"
6.69,0.8,"Yes",3.9,3.4,71,66,132.5,0.534,"CPT"
6.9,0.37,"Yes",7,2,125,76,87.3,0.36,"CPT"
6.9,0.65,"No",11.8,3.1,210,125,186.2,0.583,"CPT"
6.9,0.5,"Yes",3.8,2,67,50,97.4,0.421,"CPT"
6.9,0.7,"No",5,2.5,93,68,163.5,0.584,"CPT"
6.9,0.6,"Yes",4.6,1.4,86,54,131.1,0.584,"CPT"
6.9,0.5,"No",3.4,3,62,58,178.6,0.335,"CPT"
6.9,0.6,"Yes",6.5,1.8,121,75,76.7,0.578,"CPT"
6.9,0.6,"Yes",4.5,1.8,84,57,107.8,0.543,"CPT"
6.9,0.6,"Yes",4,2.5,72,57,72.8,0.471,"CPT"
6.9,0.45,"Yes",4.8,2.1,86,60,99.8,0.396,"CPT"
6.9,0.45,"Yes",6,2.6,109,76,80.9,0.391,"CPT"
6.9,0.65,"Yes",4.3,2,77,55,116.7,0.565,"CPT"
6.9,0.65,"No",1.4,1,25,21,134.3,0.498,"CPT"
6.9,0.6,"Yes",4.5,2.5,81,61,82.3,0.49,"CPT"
6.9,0.45,"Yes",3.5,2.6,62,53,86.3,0.329,"CPT"
6.9,0.6,"Yes",5.5,2.4,99,69,91.6,0.523,"CPT"
6.9,0.6,"Yes",5.5,2.4,99,69,99.7,0.523,"CPT"
6.9,0.65,"No",3.8,2,68,51,165.1,0.545,"CPT"
6.9,0.4,"Yes",5.5,1.5,102,62,79.5,0.396,"CPT"
6.9,0.6,"No",2.8,1.9,50,41,156.8,0.462,"CPT"
6.9,0.45,"Yes",3.7,1.6,67,47,81.1,0.406,"CPT"
6.9,0.5,"Yes",5.2,2,95,64,82,0.456,"CPT"
6.9,0.5,"No",4.1,3,73,62,216.3,0.365,"CPT"
7.51,0.37,"Yes",1.6,0.5,30,19,16.1,0.376,"CPT"
7.51,0.37,"Yes",1.8,1,33,25,40.5,0.314,"CPT"
7.51,0.4,"Yes",2.3,1,42,29,28.9,0.368,"CPT"
7.51,0.37,"Yes",3.6,1,67,41,91,0.38,"CPT"
7.51,0.4,"Yes",3.8,3.3,68,63,132.5,0.273,"CPT"
7.51,0.4,"Yes",3.7,0.4,69,37,97.7,0.47,"CPT"
7.51,0.4,"Yes",2.2,1.5,39,32,77.2,0.308,"CPT"
7.51,0.4,"Yes",2.3,0.5,42,25,34.1,0.436,"CPT"
7.51,0.4,"Yes",2.4,0.5,45,26,113.2,0.44,"CPT"
7.51,0.4,"Yes",2.1,0.5,39,23,104.1,0.439,"CPT"
7.51,0.4,"Yes",2.5,1.7,45,37,62.5,0.311,"CPT"
7.51,0.4,"Yes",2.5,0.6,46,28,85.4,0.428,"CPT"
7.51,0.4,"Yes",2.2,1.7,38,34,129.6,0.291,"CPT"
7.51,0.4,"No",3.2,2.5,57,50,121.6,0.29,"CPT"
7.51,0.3,"Yes",4.9,0.8,92,51,85.1,0.338,"CPT"
7.62,0.38,"Yes",2.5,1,46,31,82.8,0.36,"CPT"
7.62,0.38,"Yes",3.5,1,65,40,72.5,0.39,"CPT"
7.62,0.38,"Yes",7,1,131,72,91.4,0.423,"CPT"
7.62,0.6,"Yes",3,1.1,55,36,100.1,0.578,"CPT"
7.62,0.6,"Yes",4.5,1.2,83,51,68.6,0.619,"CPT"
7.62,0.25,"Yes",4.5,0.7,84,46,99.6,0.286,"CPT"
7.62,0.25,"Yes",5,0.6,94,50,84.2,0.293,"CPT"
7.62,0.25,"Yes",3.5,1.1,64,41,84.5,0.249,"CPT"
7.62,0.25,"Yes",6.5,1.2,121,69,90.9,0.27,"CPT"
7.62,0.25,"Yes",5.5,3.5,98,79,78.3,0.195,"CPT"
7.62,0.25,"Yes",6,0.7,112,61,90.4,0.287,"CPT"
7,0.187,"No",4.8,2,88,61,51.1,0.167,"CPT"
6.2,0.347,"Yes",4.8,2,88,61,51.1,0.303,"CPT"
7,0.183,"No",3.7,1.7,66,48,101.2,0.158,"CPT"
6.2,0.396,"Yes",3.7,1.7,66,48,101.2,0.336,"CPT"
7,0.167,"Yes",7.3,1.3,138,80,83.8,0.171,"CPT"
6.2,0.323,"Yes",7.3,1.3,138,80,83.8,0.318,"CPT"
7,0.219,"No",5.5,1.4,104,64,146.3,0.218,"CPT"
6.2,0.46,"Yes",5.5,1.4,104,64,146.3,0.446,"CPT"
7,0.199,"Yes",3.8,1.8,67,48,78.7,0.173,"CPT"
6.2,0.382,"Yes",3.8,1.8,67,48,78.7,0.327,"CPT"
7,0.237,"Yes",5.2,1,100,58,107.5,0.249,"CPT"
6.2,0.188,"No",5.2,1,100,58,107.5,0.193,"CPT"
7,0.227,"Yes",3.6,2,66,50,60.6,0.189,"CPT"
6.2,0.183,"Yes",3.6,2,66,50,60.6,0.15,"CPT"
7,0.239,"Yes",1.9,0.9,34,25,53.9,0.212,"CPT"
6.2,0.186,"No",1.9,0.9,34,25,53.9,0.164,"CPT"
7,0.234,"Yes",3.7,0.8,70,42,117.1,0.247,"CPT"
6.2,0.187,"No",3.7,0.8,70,42,117.1,0.194,"CPT"
7,0.216,"Yes",4.8,0.5,92,50,127.3,0.245,"CPT"
6.2,0.186,"No",4.8,0.5,92,50,127.3,0.207,"CPT"
7,0.231,"Yes",6.5,1.5,122,74,92.6,0.23,"CPT"
6.2,0.181,"Yes",2,1.5,34,30,75.1,0.132,"CPT"
7,0.231,"Yes",2.6,1.4,47,35,71,0.195,"CPT"
6.2,0.182,"Yes",2.6,1.4,47,35,71,0.152,"CPT"
7,0.204,"Yes",2,1.3,35,29,70.1,0.161,"CPT"
6.2,0.186,"Yes",2,1.3,35,29,70.1,0.146,"CPT"
7,0.211,"Yes",2.6,1.2,47,34,73.6,0.187,"CPT"
6.2,0.186,"Yes",2.6,1.2,47,34,73.6,0.164,"CPT"
7,0.211,"Yes",4.3,1.6,79,53,67.4,0.196,"CPT"
6.2,0.172,"Yes",4.3,1.6,79,53,67.4,0.157,"CPT"
7,0.224,"Yes",2.3,1.9,41,36,62,0.16,"CPT"
6.2,0.177,"Yes",2.3,1.9,41,36,62,0.125,"CPT"
7,0.17,"Yes",3.6,2,66,50,83.5,0.141,"CPT"
6.2,0.351,"Yes",3.6,2,66,50,83.5,0.287,"CPT"
7,0.17,"Yes",5.8,2,107,70,71.5,0.157,"CPT"
6.2,0.354,"Yes",5.8,2,107,70,71.5,0.318,"CPT"
7,0.168,"Yes",8.6,2.4,162,101,70.4,0.155,"CPT"
6.2,0.346,"Yes",8.6,2.4,162,101,70.4,0.304,"CPT"
7,0.183,"No",4.5,2.3,81,60,35.3,0.154,"CPT"
6.2,0.339,"Yes",4.5,2.3,81,60,35.3,0.279,"CPT"
7,0.217,"Yes",6.1,1.4,116,70,104.1,0.218,"CPT"
6.2,0.455,"Yes",6.1,1.4,116,70,104.1,0.444,"CPT"
7,0.21,"No",2.8,1,51,34,116.6,0.201,"CPT"
6.2,0.447,"Yes",2.8,1,51,34,116.6,0.422,"CPT"
7,0.214,"No",2.4,2,42,38,100.3,0.152,"CPT"
6.2,0.451,"Yes",2.4,2,42,38,100.3,0.317,"CPT"
7,0.215,"No",2.6,2,46,40,94.5,0.158,"CPT"
6.2,0.45,"Yes",2.6,2,46,40,94.5,0.327,"CPT"
7,0.219,"Yes",1.7,1.4,30,27,89.8,0.157,"CPT"
6.2,0.453,"Yes",1.7,1.4,30,27,89.8,0.322,"CPT"
9,0.17,"No",4.8,1.1,89,53,133.5,0.187,"CPT"
9,0.18,"No",4.2,2.5,76,60,87.3,0.15,"CPT"
9,0.21,"Yes",6.8,1.1,127,71,101.6,0.245,"CPT"
9,0.22,"Yes",9,1.3,169,93,99.1,0.261,"CPT"
9,0.169,"No",10.1,1.2,189,102,92.9,0.205,"CPT"
9,0.199,"Yes",2.8,1.2,51,36,98,0.187,"CPT"
9,0.256,"Yes",6.3,1.6,117,71,81.1,0.276,"CPT"
7.4,0.4,"Yes",1,0.77,16.3,14,6,0.29,"SPT"
7.4,0.4,"Yes",1.8,0.77,30.9,20.6,8,0.37,"SPT"
7.4,0.4,"Yes",2.6,0.77,45.6,27.3,7,0.41,"SPT"
7.4,0.4,"Yes",3.4,0.77,60.3,34,5,0.43,"SPT"
7.4,0.4,"No",4.2,0.77,75.8,41.5,5,0.44,"SPT"
7.4,0.4,"Yes",5,0.77,90.1,47.8,3,0.45,"SPT"
7.4,0.4,"Yes",6,0.77,108.2,55.9,3,0.45,"SPT"
7.4,0.4,"No",7,0.77,127.9,65.6,19,0.45,"SPT"
7.4,0.4,"Yes",8,0.77,147.5,75.2,26,0.44,"SPT"
7.4,0.4,"Yes",9,0.77,167.3,85,48,0.44,"SPT"
7.4,0.4,"No",1,0.78,18,15.8,3,0.29,"SPT"
7.4,0.4,"No",1.8,0.78,32.8,22.6,5,0.36,"SPT"
7.4,0.4,"Yes",3.4,0.78,62.4,36.2,2,0.42,"SPT"
7.4,0.4,"No",4.2,0.78,77.4,43.2,10,0.43,"SPT"
7.4,0.4,"Yes",6,0.78,109.5,57.3,4,0.45,"SPT"
7.4,0.4,"No",7,0.78,128.3,66.1,11,0.44,"SPT"
7.4,0.4,"Yes",8.5,0.78,156.2,79,39,0.44,"SPT"
7.4,0.4,"Yes",10,0.78,186.6,94.4,25,0.43,"SPT"
7.4,0.4,"Yes",1.8,0.71,30.3,19.4,7,0.39,"SPT"
7.4,0.4,"Yes",2.8,0.71,48.8,27.9,4,0.43,"SPT"
7.4,0.4,"No",3.7,0.71,66,36.1,6,0.44,"SPT"
7.4,0.4,"No",5.6,0.71,99.9,51,5,0.46,"SPT"
7.4,0.4,"No",6.5,0.71,117,59.1,17,0.46,"SPT"
7.4,0.4,"Yes",8.5,0.71,157.1,79.2,49,0.44,"SPT"
7.4,0.4,"No",4.1,0.82,74.1,41.3,7,0.43,"SPT"
7.4,0.4,"Yes",5,0.82,90.5,48.7,3,0.44,"SPT"
7.4,0.4,"Yes",6.6,0.82,120,62.2,18,0.45,"SPT"
7.4,0.4,"Yes",8,0.82,147.9,76.1,32,0.44,"SPT"
7.4,0.4,"Yes",9.5,0.82,179.3,92.5,75,0.43,"SPT"
7.4,0.4,"Yes",11,0.82,211.1,109.3,33,0.41,"SPT"
7.4,0.4,"Yes",12.5,0.82,243.2,126.4,33,0.4,"SPT"
7.4,0.4,"Yes",15,0.82,289.7,147.9,10,0.39,"SPT"
7.4,0.4,"Yes",1.6,3.1,25.3,25.1,3,0.25,"SPT"
7.4,0.4,"Yes",2.6,3.1,43,42.7,3,0.25,"SPT"
7.4,0.4,"No",3.5,3.1,58.6,54.6,10,0.26,"SPT"
7.4,0.4,"No",4.2,3.1,72.3,61.3,12,0.28,"SPT"
7.4,0.4,"Yes",5,3.1,89.3,70.3,31,0.3,"SPT"
7.4,0.4,"Yes",6.2,3.1,116.4,85.4,33,0.32,"SPT"
7.4,0.4,"Yes",8,3.1,155.2,106.2,31,0.33,"SPT"
7.4,0.4,"Yes",10.5,3.1,202.3,128.3,8,0.34,"SPT"
7.4,0.4,"Yes",12.4,3.1,238.1,145.1,12,0.34,"SPT"
7.4,0.4,"No",13.7,3.1,263.3,157.3,9,0.34,"SPT"
7.4,0.4,"Yes",16,3.1,306.1,177.1,9,0.34,"SPT"
7.4,0.4,"Yes",1.4,1.68,21.5,21.5,4,0.25,"SPT"
7.4,0.4,"No",3,1.68,50.8,37.6,2,0.33,"SPT"
7.4,0.4,"No",3.9,1.68,70,47.8,15,0.35,"SPT"
7.4,0.4,"Yes",4.7,1.68,86.4,56.2,25,0.37,"SPT"
7.4,0.4,"Yes",7,1.68,138.2,85,31,0.37,"SPT"
7.4,0.4,"Yes",8,1.68,159.8,96.6,35,0.37,"SPT"
7.4,0.4,"Yes",1.8,1.5,28.7,25.7,3,0.28,"SPT"
7.4,0.4,"Yes",2.6,1.5,43.2,32.2,4,0.33,"SPT"
7.4,0.4,"No",4.2,1.5,72.9,45.9,11,0.38,"SPT"
7.4,0.4,"No",5,1.5,88.4,53.4,18,0.39,"SPT"
7.4,0.4,"Yes",6,1.5,107.8,62.8,48,0.4,"SPT"
7.4,0.4,"Yes",7.4,1.5,138.1,79.1,20,0.4,"SPT"
7.4,0.4,"No",9.6,1.5,180.3,99.3,13,0.4,"SPT"
7.4,0.4,"No",1.7,1.34,28.9,25.3,3,0.28,"SPT"
7.4,0.4,"Yes",3.3,1.34,58,38.4,9,0.37,"SPT"
7.4,0.4,"Yes",4.9,1.34,88.2,52.6,10,0.4,"SPT"
7.4,0.4,"Yes",5.7,1.34,104,60.4,47,0.4,"SPT"
7.4,0.4,"No",6.5,1.34,119.5,67.9,16,0.41,"SPT"
7.4,0.4,"Yes",7.6,1.34,139.7,77.1,7,0.41,"SPT"
7.4,0.4,"No",9,1.34,165.6,89,9,0.41,"SPT"
7.4,0.4,"No",3.8,1.3,68.2,43.2,10,0.38,"SPT"
7.4,0.4,"No",4.6,1.3,82.8,49.8,4,0.4,"SPT"
7.4,0.4,"Yes",5.5,1.3,99.7,57.7,24,0.41,"SPT"
7.4,0.4,"No",6.7,1.3,122.5,68.5,12,0.41,"SPT"
7.4,0.4,"Yes",7.7,1.3,140.5,76.5,6,0.42,"SPT"
7.4,0.4,"No",9.8,1.3,182.3,97.3,23,0.41,"SPT"
7.4,0.4,"Yes",1.4,0.44,23.9,14.3,4,0.42,"SPT"
7.4,0.4,"Yes",2.4,0.44,41.8,22.2,2,0.47,"SPT"
7.4,0.4,"Yes",3.5,0.44,61.5,30.9,3,0.48,"SPT"
7.4,0.4,"No",4.4,0.44,78.9,39.3,7,0.48,"SPT"
7.4,0.4,"Yes",3,0.44,51.8,26.7,1,0.47,"SPT"
7.4,0.4,"Yes",5.1,0.44,90.8,44.2,5,0.49,"SPT"
7.4,0.4,"Yes",6,0.44,107.3,51.7,55,0.48,"SPT"
7.4,0.4,"Yes",7,0.44,129,63.4,44,0.47,"SPT"
7.4,0.4,"No",1,0.96,15.1,14.7,3,0.26,"SPT"
7.4,0.4,"No",1.8,0.96,29.9,21.5,1,0.35,"SPT"
7.4,0.4,"Yes",2.5,0.96,42.3,26.9,16,0.39,"SPT"
7.4,0.4,"No",1,0.96,15.1,14.7,6,0.26,"SPT"
7.4,0.4,"No",1.9,0.96,31.1,22.2,4,0.35,"SPT"
7.4,0.4,"Yes",2.6,0.96,47.3,30.9,4,0.38,"SPT"
7.4,0.4,"Yes",3.3,0.96,60.3,36.9,7,0.4,"SPT"
7.4,0.4,"Yes",1.1,1.69,21.6,21.6,1,0.25,"SPT"
7.4,0.4,"No",1.9,1.69,36.1,34,2,0.26,"SPT"
7.4,0.4,"Yes",2.7,1.69,48,37.9,2,0.31,"SPT"
7.4,0.4,"No",3.4,1.69,61,43.9,9,0.34,"SPT"
7.4,0.4,"Yes",4.4,1.69,82.5,55.4,30,0.36,"SPT"
7.4,0.4,"Yes",5.5,1.69,107.3,69.2,30,0.36,"SPT"
7.4,0.4,"Yes",7.5,1.69,147.2,89.1,36,0.38,"SPT"
7.4,0.4,"Yes",10,1.69,194.3,111.2,8,0.38,"SPT"
7.4,0.4,"Yes",2.6,1.9,42.6,35.6,3,0.29,"SPT"
7.4,0.4,"Yes",3.3,1.9,55.6,41.6,3,0.33,"SPT"
7.4,0.4,"Yes",4.1,1.9,70,48,25,0.35,"SPT"
7.4,0.4,"Yes",5.2,1.9,95,62,30,0.36,"SPT"
7.4,0.4,"Yes",7,1.9,136.1,85.1,31,0.37,"SPT"
7.4,0.4,"No",3.2,2.28,52.1,42.9,5,0.3,"SPT"
7.4,0.4,"No",3.8,2.28,63.8,48.6,11,0.32,"SPT"
7.4,0.4,"No",4.6,2.28,80.6,57.4,22,0.33,"SPT"
7.4,0.4,"No",1.6,0.5,28.5,17.5,10,0.41,"SPT"
7.4,0.4,"No",2.9,0.5,52.9,28.9,7,0.45,"SPT"
7.4,0.4,"Yes",3.8,0.5,68.5,35.5,4,0.47,"SPT"
7.4,0.4,"No",5.4,0.5,98.4,49.4,11,0.47,"SPT"
7.4,0.4,"Yes",6.4,0.5,118.4,59.4,38,0.46,"SPT"
7.4,0.4,"No",8.8,0.5,167.1,84.1,13,0.44,"SPT"
7.4,0.4,"No",2.2,0.44,41.2,23.6,9,0.43,"SPT"
7.4,0.4,"No",1.6,0.35,28.9,16.4,18,0.44,"SPT"
7.4,0.4,"No",2.4,0.35,46.4,25.9,4,0.44,"SPT"
7.4,0.4,"No",3.2,0.35,61.3,32.8,9,0.46,"SPT"
7.4,0.4,"Yes",4,0.35,75.1,38.6,4,0.47,"SPT"
7.4,0.4,"Yes",5.4,0.35,101,50.5,24,0.47,"SPT"
7.4,0.4,"Yes",1,0.74,15.8,13.2,9,0.3,"SPT"
7.4,0.4,"No",2.9,0.74,55.3,33.7,4,0.4,"SPT"
7.4,0.4,"Yes",4,0.74,75.6,43,5,0.42,"SPT"
7.4,0.4,"Yes",4.8,0.74,90,49.4,12,0.43,"SPT"
7.4,0.4,"No",6.1,0.74,114,60.4,12,0.44,"SPT"
7.4,0.4,"Yes",7,0.74,132.1,69.5,31,0.44,"SPT"
7.4,0.4,"Yes",7.9,0.74,150.4,78.8,44,0.43,"SPT"
7.4,0.4,"Yes",8.8,0.74,169.1,88.5,44,0.42,"SPT"
7.4,0.4,"Yes",1.1,0.8,17.9,14.9,4,0.3,"SPT"
7.4,0.4,"No",3,0.8,53.2,31.2,6,0.42,"SPT"
7.4,0.4,"Yes",3.8,0.8,68,38,4,0.43,"SPT"
7.4,0.4,"Yes",4.6,0.8,82.6,44.6,4,0.44,"SPT"
7.4,0.4,"No",5.5,0.8,99.5,52.5,24,0.45,"SPT"
7.4,0.4,"Yes",6.5,0.8,119.6,62.6,38,0.44,"SPT"
7.4,0.4,"No",8,0.8,148.1,76.1,18,0.44,"SPT"
7.4,0.4,"No",9.1,0.8,169.3,86.3,15,0.43,"SPT"
7.4,0.4,"Yes",1.2,0.6,20,14,3,0.36,"SPT"
7.4,0.4,"No",2,0.6,34.7,20.7,7,0.42,"SPT"
7.4,0.4,"No",2.8,0.6,49.6,27.6,9,0.44,"SPT"
7.4,0.4,"Yes",3.6,0.6,64.2,34.2,3,0.45,"SPT"
7.4,0.4,"Yes",4.4,0.6,78.6,40.6,5,0.46,"SPT"
7.4,0.4,"No",5.2,0.6,94.5,48.5,18,0.46,"SPT"
7.4,0.4,"Yes",6,0.6,110.6,56.6,36,0.46,"SPT"
7.4,0.4,"No",6.8,0.6,126.1,64.1,15,0.45,"SPT"
7.4,0.4,"No",8.3,0.6,154.7,77.7,10,0.45,"SPT"
7.4,0.4,"Yes",10.2,0.6,193,97,27,0.43,"SPT"
7.4,0.4,"No",1.8,0.84,30.6,21,4,0.36,"SPT"
7.4,0.4,"No",2.7,0.84,47.5,28.9,12,0.4,"SPT"
7.4,0.4,"Yes",4,0.84,70.3,38.7,4,0.44,"SPT"
7.4,0.4,"No",5.2,0.84,93.9,50.3,20,0.44,"SPT"
7.4,0.4,"No",6.3,0.84,114.3,59.7,21,0.44,"SPT"
7.4,0.4,"No",7.1,0.84,129.5,66.9,13,0.44,"SPT"
7.4,0.4,"Yes",8.4,0.84,153.2,77.6,11,0.44,"SPT"
7.4,0.4,"No",3.5,0.75,63.1,35.6,8,0.43,"SPT"
7.4,0.4,"No",5.5,0.75,101,53.5,7,0.44,"SPT"
7.4,0.4,"Yes",6.5,0.75,119,61.5,36,0.45,"SPT"
7.4,0.4,"Yes",9,0.75,165.1,82.6,7,0.44,"SPT"
7.4,0.4,"No",1.2,0.4,20.6,12.6,3,0.41,"SPT"
7.4,0.4,"No",2,0.4,36.1,20.1,6,0.45,"SPT"
7.4,0.4,"No",2.8,0.4,50.7,26.7,8,0.47,"SPT"
7.4,0.4,"Yes",3.8,0.4,69.1,35.1,5,0.48,"SPT"
7.4,0.4,"No",4.4,0.4,79.9,39.9,7,0.48,"SPT"
7.4,0.4,"Yes",1.2,1.72,20,20,3,0.25,"SPT"
7.4,0.4,"No",2.2,1.72,39.9,35.1,15,0.28,"SPT"
7.4,0.4,"Yes",3,1.72,54.1,41.3,3,0.32,"SPT"
7.4,0.4,"Yes",3.8,1.72,68.2,47.4,3,0.35,"SPT"
7.4,0.4,"Yes",4.9,1.72,88.8,57,5,0.37,"SPT"
7.4,0.4,"No",5.7,1.72,104,64.2,14,0.38,"SPT"
7.4,0.4,"No",6.5,1.72,118.6,70.8,8,0.39,"SPT"
7.4,0.4,"Yes",7.3,1.72,133.2,77.4,9,0.39,"SPT"
7.4,0.4,"No",8.5,1.72,154.6,86.8,7,0.4,"SPT"
7.4,0.4,"No",9.9,1.72,181.7,99.9,9,0.4,"SPT"
7.4,0.4,"Yes",11,1.72,202,109.2,7,0.4,"SPT"
7.4,0.4,"Yes",1,1.64,15,15,7,0.25,"SPT"
7.4,0.4,"No",1.8,1.64,30.6,29,5,0.26,"SPT"
7.4,0.4,"No",2.6,1.64,45.6,36,6,0.31,"SPT"
7.4,0.4,"Yes",3.6,1.64,64,44.4,3,0.35,"SPT"
7.4,0.4,"No",4.5,1.64,81.2,52.6,12,0.37,"SPT"
7.4,0.4,"No",5.4,1.64,98.9,61.3,18,0.38,"SPT"
7.4,0.4,"No",6.2,1.64,113.8,68.2,16,0.39,"SPT"
7.4,0.4,"No",7,1.64,129.6,76,14,0.39,"SPT"
7.4,0.4,"No",8,1.64,148.9,85.3,13,0.39,"SPT"
7.4,0.4,"Yes",9,1.64,167.4,93.8,11,0.4,"SPT"
7.4,0.4,"Yes",10,1.64,186.2,102.6,10,0.39,"SPT"
7.4,0.4,"Yes",12,1.64,225,121.4,27,0.39,"SPT"
7.4,0.4,"Yes",1.5,0.54,25.4,15.8,4,0.4,"SPT"
7.4,0.4,"No",2.3,0.54,40.5,22.9,9,0.44,"SPT"
7.4,0.4,"No",3.1,0.54,55.2,29.6,5,0.45,"SPT"
7.4,0.4,"Yes",4,0.54,71.9,37.3,5,0.46,"SPT"
7.4,0.4,"Yes",4.8,0.54,87.5,44.9,13,0.46,"SPT"
7.4,0.4,"No",5.6,0.54,102.4,51.8,10,0.46,"SPT"
7.4,0.4,"No",7,0.54,129.9,65.3,12,0.46,"SPT"
7.4,0.4,"No",8,0.54,148.4,73.8,7,0.45,"SPT"
7.4,0.4,"Yes",9,0.54,167.2,82.6,9,0.45,"SPT"
7.4,0.4,"No",2.5,0.45,42.4,21.9,13,0.48,"SPT"
7.4,0.4,"No",5.2,0.45,92.8,45.3,8,0.48,"SPT"
7.4,0.4,"No",6,0.45,107.5,52,18,0.48,"SPT"
7.4,0.4,"No",8.5,0.45,153.6,73.1,9,0.47,"SPT"
7.4,0.4,"Yes",11,0.45,201.9,96.4,9,0.45,"SPT"
7.4,0.4,"Yes",12,0.45,220.3,104.8,28,0.44,"SPT"
7.4,0.4,"Yes",14,0.45,258.2,122.7,12,0.43,"SPT"
7.4,0.4,"Yes",2,10,37.3,37.3,30,0.25,"SPT"
7.4,0.4,"Yes",3.5,10,66.2,66.2,14,0.24,"SPT"
7.4,0.4,"Yes",5,10,91.2,91.2,13,0.24,"SPT"
7.4,0.4,"Yes",6.6,10,122,122,8,0.23,"SPT"
7.4,0.4,"Yes",8,10,146.7,146.7,48,0.23,"SPT"
7.4,0.4,"No",2.3,1.5,38.3,30.3,5,0.31,"SPT"
7.4,0.4,"Yes",3.4,1.5,56.8,38.3,4,0.36,"SPT"
7.4,0.4,"No",4.1,1.5,71.2,45.2,9,0.38,"SPT"
7.4,0.4,"Yes",5,1.5,84.6,50.1,6,0.4,"SPT"
7.4,0.4,"No",5.8,1.5,99.6,56.6,10,0.41,"SPT"
7.4,0.4,"Yes",6.8,1.5,117.9,65.4,43,0.41,"SPT"
7.4,0.4,"Yes",7.9,1.5,138.8,74.8,40,0.42,"SPT"
7.4,0.4,"Yes",9,1.5,157,82.5,50,0.42,"SPT"
7.4,0.4,"Yes",0.9,0.95,13.7,13.7,7,0.25,"SPT"
7.4,0.4,"No",1.7,0.95,27.8,20.3,6,0.34,"SPT"
7.4,0.4,"No",2.6,0.95,43.7,27.2,6,0.4,"SPT"
7.4,0.4,"Yes",3.7,0.95,61,33.5,4,0.44,"SPT"
7.4,0.4,"No",4.8,0.95,79.5,41.5,4,0.46,"SPT"
7.4,0.4,"Yes",5.8,0.95,97.2,49.2,5,0.46,"SPT"
7.4,0.4,"No",6.7,0.95,113.9,56.4,17,0.46,"SPT"
7.4,0.4,"Yes",8,0.95,134.4,63.9,6,0.47,"SPT"
7.4,0.4,"Yes",9.1,0.95,151.6,70.1,9,0.48,"SPT"
7.4,0.4,"Yes",5,0.9,85.2,44.7,1,0.45,"SPT"
7.4,0.4,"Yes",7,0.9,117.4,56.4,1,0.48,"SPT"
7.4,0.4,"Yes",4.4,1.1,82.7,49.7,4,0.4,"SPT"
7.4,0.4,"Yes",6.3,1.1,116.3,64.3,5,0.42,"SPT"
7.4,0.4,"Yes",7.4,1.1,134.8,72.3,4,0.42,"SPT"
7.4,0.4,"Yes",10.5,1.1,190.5,96.5,10,0.43,"SPT"
7.4,0.4,"Yes",3.8,1.2,65.7,39.7,1,0.4,"SPT"
7.4,0.4,"Yes",7.5,1.2,131,68,13,0.44,"SPT"
7.4,0.4,"Yes",1,1.11,15,15,8,0.25,"SPT"
7.4,0.4,"Yes",2.2,1.11,38.1,27.2,9,0.35,"SPT"
7.4,0.4,"No",3.5,1.11,62.9,39,9,0.39,"SPT"
7.4,0.4,"Yes",4.5,1.11,81.1,47.2,8,0.41,"SPT"
7.4,0.4,"Yes",5.5,1.11,100.4,56.5,17,0.42,"SPT"
7.4,0.4,"Yes",7,1.11,128.8,69.9,9,0.42,"SPT"
7.4,0.4,"Yes",8,1.11,147.5,78.6,3,0.42,"SPT"
7.4,0.4,"No",9,1.11,166.5,87.6,5,0.42,"SPT"
7.4,0.4,"Yes",1.2,2.4,18.2,18.2,12,0.25,"SPT"
7.4,0.4,"Yes",2.2,2.4,35.9,35.9,4,0.25,"SPT"
7.4,0.4,"Yes",3,2.4,51.2,45.2,7,0.28,"SPT"
7.4,0.4,"No",3.8,2.4,66.2,52.2,7,0.31,"SPT"
7.4,0.4,"Yes",5,2.4,88.7,62.7,5,0.33,"SPT"
7.4,0.4,"No",5.8,2.4,103.6,69.6,10,0.35,"SPT"
7.4,0.4,"No",6.6,2.4,119.3,77.3,7,0.36,"SPT"
7.4,0.4,"No",7.6,2.4,141.6,89.6,7,0.36,"SPT"
7.4,0.4,"No",8.5,2.4,159,98,9,0.36,"SPT"
7.4,0.4,"No",9.5,2.4,178.1,107.1,4,0.37,"SPT"
7.4,0.4,"No",1.9,0.37,22.8,7.5,14,0.76,"SPT"
7.4,0.4,"Yes",2.8,0.37,38.9,14.6,5,0.65,"SPT"
7.4,0.4,"No",3.8,0.37,57.7,23.4,6,0.6,"SPT"
7.4,0.4,"No",5,0.37,80.6,34.3,21,0.56,"SPT"
7.4,0.4,"No",6.2,0.37,103.8,45.5,15,0.53,"SPT"
7.4,0.4,"No",7.2,0.37,123.3,55,21,0.51,"SPT"
7.4,0.4,"Yes",8.4,0.37,148,67.7,31,0.49,"SPT"
7.4,0.4,"Yes",9.2,0.37,162.2,73.9,7,0.48,"SPT"
7.4,0.4,"No",2.8,2.6,26.8,24.9,6,0.25,"SPT"
7.4,0.4,"Yes",3.3,2.6,47.9,40.9,4,0.28,"SPT"
7.4,0.4,"No",4,2.6,61.4,47.4,8,0.31,"SPT"
7.4,0.4,"Yes",4.9,2.6,77.6,54.6,6,0.34,"SPT"
7.4,0.4,"No",5.7,2.6,92.2,61.2,10,0.35,"SPT"
7.4,0.4,"Yes",6.7,2.6,112.7,71.7,42,0.36,"SPT"
7.4,0.4,"Yes",7.7,2.6,133,82,39,0.37,"SPT"
7.4,0.4,"Yes",8.9,2.6,160.1,97.1,47,0.37,"SPT"
7.4,0.4,"No",1.4,0.74,23.4,16.8,2,0.35,"SPT"
7.4,0.4,"No",2.5,0.74,43.9,26.3,6,0.41,"SPT"
7.4,0.4,"No",3.3,0.74,59,33.4,6,0.43,"SPT"
7.4,0.4,"No",4.2,0.74,75.4,40.8,5,0.44,"SPT"
7.4,0.4,"Yes",5,0.74,91.5,48.9,6,0.44,"SPT"
7.4,0.4,"No",5.7,0.74,105.5,55.9,14,0.44,"SPT"
7.4,0.4,"Yes",6.5,0.74,122.1,64.5,45,0.44,"SPT"
7.4,0.4,"Yes",7.5,0.74,142.7,75.1,39,0.43,"SPT"
7.4,0.4,"Yes",8.5,0.74,161.1,83.5,7,0.43,"SPT"
7.4,0.4,"No",1.4,0.62,23.9,16.1,3,0.37,"SPT"
7.4,0.4,"No",2.3,0.62,41.9,25.1,7,0.41,"SPT"
7.4,0.4,"Yes",3.2,0.62,58.7,32.9,6,0.43,"SPT"
7.4,0.4,"No",4,0.62,73.4,39.6,4,0.45,"SPT"
7.4,0.4,"No",5,0.62,93,49.2,6,0.45,"SPT"
7.4,0.4,"Yes",6,0.62,111.4,57.6,10,0.45,"SPT"
7.4,0.4,"Yes",6.8,0.62,126.1,64.3,13,0.45,"SPT"
7.4,0.4,"No",8,0.62,150.2,76.4,9,0.44,"SPT"
7.4,0.4,"Yes",9.2,0.62,172.9,87.1,4,0.44,"SPT"
7.4,0.4,"Yes",1,0.92,17.6,16.8,7,0.26,"SPT"
7.4,0.4,"No",2,0.92,36.6,25.8,3,0.35,"SPT"
7.4,0.4,"No",3,0.92,55,34.2,7,0.39,"SPT"
7.4,0.4,"No",4,0.92,73.3,42.5,7,0.42,"SPT"
7.4,0.4,"Yes",5,0.92,91.3,50.5,4,0.43,"SPT"
7.4,0.4,"No",5.8,0.92,106.4,57.6,7,0.43,"SPT"
7.4,0.4,"No",6.7,0.92,122.9,65.1,5,0.43,"SPT"
7.4,0.4,"Yes",8,0.92,146.6,75.8,7,0.44,"SPT"
7.4,0.4,"Yes",9.2,0.92,170.8,88,32,0.43,"SPT"
7.4,0.4,"Yes",10,0.92,187.1,96.3,45,0.42,"SPT"
7.4,0.4,"Yes",1,0.77,18.1,8.1,5,0.56,"SPT"
7.4,0.4,"Yes",1.8,0.77,32.5,14.5,5,0.56,"SPT"
7.4,0.4,"No",2.9,0.77,53,24,5,0.54,"SPT"
7.4,0.4,"No",4,0.77,73.7,33.7,3,0.53,"SPT"
7.4,0.4,"No",5,0.77,92.9,42.9,16,0.51,"SPT"
7.4,0.4,"No",6.1,0.77,114.6,53.6,16,0.5,"SPT"
7.4,0.4,"Yes",7.5,0.77,142.6,67.6,38,0.48,"SPT"
7.4,0.4,"Yes",8.5,0.77,162.8,77.8,40,0.47,"SPT"
7.4,0.4,"Yes",9.4,0.77,180.9,86.9,34,0.46,"SPT"
7.4,0.4,"No",1.3,0.5,20.5,12.5,5,0.41,"SPT"
7.4,0.4,"No",2.1,0.5,35.7,19.7,11,0.45,"SPT"
7.4,0.4,"No",3,0.5,51.5,26.5,6,0.47,"SPT"
7.4,0.4,"No",4,0.5,69.7,34.7,7,0.48,"SPT"
7.4,0.4,"No",5,0.5,89.3,44.3,15,0.48,"SPT"
7.4,0.4,"No",6,0.5,108.1,53.1,16,0.47,"SPT"
7.4,0.4,"No",7,0.5,126.4,61.4,13,0.47,"SPT"
7.4,0.4,"Yes",8,0.5,144.7,69.7,6,0.47,"SPT"
7.4,0.4,"No",9,0.5,162.9,77.9,8,0.46,"SPT"
7.4,0.4,"Yes",1,1.16,15.5,15.5,3,0.25,"SPT"
7.4,0.4,"No",2,1.16,34.7,26.3,7,0.33,"SPT"
7.4,0.4,"Yes",3,1.16,52.5,34.1,4,0.38,"SPT"
7.4,0.4,"No",3.9,1.16,69.6,42.2,4,0.4,"SPT"
7.4,0.4,"No",5,1.16,91.4,53,15,0.41,"SPT"
7.4,0.4,"No",6,1.16,110.6,62.2,10,0.41,"SPT"
7.4,0.4,"No",7,1.16,128.5,70.1,11,0.42,"SPT"
7.4,0.4,"No",8,1.16,147.7,79.3,13,0.42,"SPT"
7.4,0.4,"No",9,1.16,166.9,88.5,8,0.42,"SPT"
7.4,0.4,"Yes",1,0.64,16.1,12.5,7,0.32,"SPT"
7.4,0.4,"No",2,0.64,34.7,21.1,12,0.41,"SPT"
7.4,0.4,"No",3,0.64,53.9,30.3,3,0.43,"SPT"
7.4,0.4,"Yes",4,0.64,72.3,38.7,5,0.45,"SPT"
7.4,0.4,"No",5,0.64,91.6,48,11,0.45,"SPT"
7.4,0.4,"No",6,0.64,111.2,57.6,12,0.45,"SPT"
7.4,0.4,"No",7,0.64,130.2,66.6,10,0.45,"SPT"
7.4,0.4,"No",8,0.64,147.7,74.1,9,0.45,"SPT"
7.4,0.4,"No",8.8,0.64,162.2,80.6,7,0.45,"SPT"
7.4,0.4,"Yes",9.8,0.64,183.3,91.7,34,0.44,"SPT"
7.4,0.4,"Yes",1.1,1.65,17.7,17.7,11,0.25,"SPT"
7.4,0.4,"No",3.5,1.65,65.5,47,5,0.34,"SPT"
7.4,0.4,"Yes",4.7,1.65,86.2,55.7,6,0.37,"SPT"
7.4,0.4,"Yes",5.8,1.65,108.2,66.7,31,0.38,"SPT"
7.4,0.4,"No",7,1.65,132.5,79,9,0.38,"SPT"
7.4,0.4,"No",8.3,1.65,157.5,91,10,0.39,"SPT"
7.4,0.4,"No",9.2,1.65,174.1,98.6,7,0.39,"SPT"
7.4,0.4,"Yes",10,1.65,190.3,106.8,29,0.39,"SPT"
7.6,0.18,"No",2.8,0.6,55.2,33.6,8,0.19,"SPT"
7.6,0.18,"Yes",4.4,0.6,88.3,51,8,0.2,"SPT"
7.6,0.18,"Yes",5.8,0.6,113.6,62.6,2,0.21,"SPT"
7.6,0.18,"Yes",7.2,0.6,140.5,75.7,10,0.21,"SPT"
7.6,0.18,"Yes",8.8,0.6,168.6,88.2,5,0.21,"SPT"
7.6,0.18,"Yes",10.2,0.6,186.9,96.7,5,0.21,"SPT"
7.6,0.18,"No",11.8,0.6,222.7,112.9,4,0.2,"SPT"
7.6,0.18,"Yes",13.2,0.6,250.5,126.9,18,0.19,"SPT"
7.6,0.18,"No",16.2,0.6,313,160,13,0.17,"SPT"
7.6,0.18,"Yes",17.2,0.6,333.5,170.7,18,0.16,"SPT"
7.6,0.18,"Yes",18.8,0.6,367.5,189,18,0.15,"SPT"
7.6,0.18,"Yes",1.2,0.7,18.8,13.9,6,0.16,"SPT"
7.6,0.18,"No",4.6,0.7,82.5,44.2,8,0.21,"SPT"
7.6,0.18,"Yes",5.6,0.7,101.3,53.2,5,0.22,"SPT"
7.6,0.18,"Yes",9.6,0.7,175.6,88.3,8,0.22,"SPT"
7.6,0.18,"Yes",12.2,0.7,224,111.2,12,0.2,"SPT"
7.6,0.18,"Yes",13.2,0.7,243,120.4,9,0.2,"SPT"
7.6,0.18,"Yes",14.8,0.7,276,137.7,12,0.18,"SPT"
7.6,0.18,"Yes",16.2,0.7,304.3,152.2,12,0.17,"SPT"
7.6,0.18,"Yes",17.2,0.7,324.2,162.4,40,0.16,"SPT"
7.6,0.18,"Yes",1.2,2.5,18.7,18.7,6,0.12,"SPT"
7.6,0.18,"Yes",2.8,2.5,45.7,42.7,6,0.12,"SPT"
7.6,0.18,"Yes",4.2,2.5,72.5,55.9,6,0.15,"SPT"
7.6,0.18,"No",5.8,2.5,103.3,71,4,0.17,"SPT"
7.6,0.18,"Yes",7.2,2.5,129.8,83.7,9,0.17,"SPT"
7.6,0.18,"Yes",8.8,2.5,161.9,100.1,11,0.18,"SPT"
7.6,0.18,"Yes",10.2,2.5,187,111.5,11,0.18,"SPT"
7.6,0.18,"No",11.8,2.5,217.5,126.3,7,0.18,"SPT"
7.6,0.18,"Yes",13.2,2.5,245.4,140.4,8,0.17,"SPT"
7.6,0.18,"Yes",14.8,2.5,273.4,152.8,5,0.16,"SPT"
7.6,0.18,"Yes",16.2,2.5,300.2,165.8,13,0.16,"SPT"
7.6,0.18,"Yes",17.8,2.5,332.6,182.5,12,0.15,"SPT"
7.6,0.18,"Yes",19.2,2.5,358.2,194.4,25,0.14,"SPT"
7.6,0.18,"Yes",2,1.78,30,27.9,7,0.13,"SPT"
7.6,0.18,"No",3.2,1.78,52.9,39,5,0.16,"SPT"
7.6,0.18,"No",4.2,1.78,72,48.2,5,0.17,"SPT"
7.6,0.18,"No",5.8,1.78,100.7,61.2,6,0.19,"SPT"
7.6,0.18,"Yes",10.2,1.78,181.2,98.6,14,0.2,"SPT"
7.6,0.18,"Yes",11.8,1.78,212.3,114,14,0.19,"SPT"
7.6,0.18,"Yes",13.2,1.78,238.1,126.1,18,0.18,"SPT"
7.6,0.18,"Yes",14.8,1.78,270.7,142.9,17,0.17,"SPT"
7.6,0.18,"Yes",16.2,1.78,299.4,157.9,17,0.16,"SPT"
7.6,0.18,"Yes",17.8,1.78,331.9,174.7,10,0.15,"SPT"
7.6,0.18,"Yes",19.2,1.78,360.4,189.5,9,0.14,"SPT"
7.6,0.18,"Yes",1.2,0.85,17,13.6,6,0.15,"SPT"
7.6,0.18,"Yes",3,0.85,49.3,28.2,13,0.2,"SPT"
7.6,0.18,"Yes",4.8,0.85,81.6,42.9,11,0.22,"SPT"
7.6,0.18,"No",6.5,0.85,112.4,57,4,0.22,"SPT"
7.6,0.18,"No",7.5,0.85,131.3,66,7,0.22,"SPT"
7.6,0.18,"Yes",9.2,0.85,163.2,81.3,16,0.22,"SPT"
7.6,0.18,"Yes",12.5,0.85,228.2,113.9,11,0.2,"SPT"
7.6,0.18,"Yes",13.2,0.85,241.1,119.9,7,0.2,"SPT"
7.6,0.18,"Yes",14.8,0.85,269.5,132.6,10,0.19,"SPT"
7.6,0.18,"Yes",16.2,0.85,297.2,146.6,10,0.17,"SPT"
7.6,0.18,"Yes",17.8,0.85,328.7,162.4,16,0.16,"SPT"
7.6,0.18,"No",1.2,0.71,20.7,15.9,4,0.15,"SPT"
7.6,0.18,"Yes",2.8,0.71,52.1,31.6,6,0.19,"SPT"
7.6,0.18,"Yes",4.2,0.71,77.7,43.4,15,0.21,"SPT"
7.6,0.18,"Yes",7,0.71,130.4,68.7,13,0.21,"SPT"
7.6,0.18,"Yes",8.8,0.71,163.9,84.6,8,0.21,"SPT"
7.6,0.18,"No",11.8,0.71,223.4,114.6,7,0.2,"SPT"
7.6,0.18,"No",13.2,0.71,248.9,126.4,10,0.19,"SPT"
7.6,0.18,"No",14.8,0.71,279.5,141.2,12,0.18,"SPT"
7.6,0.18,"Yes",16.5,0.71,313.4,158.5,8,0.17,"SPT"
7.6,0.18,"Yes",17.8,0.71,339.6,172,13,0.16,"SPT"
7.6,0.18,"Yes",19.2,0.71,365.9,184.5,8,0.15,"SPT"
7.6,0.18,"Yes",1.2,1.7,17,17,6,0.12,"SPT"
7.6,0.18,"Yes",2.8,1.7,45.4,34.6,8,0.15,"SPT"
7.6,0.18,"Yes",5,1.7,86.1,53.7,8,0.18,"SPT"
7.6,0.18,"Yes",6.1,1.7,106.9,63.7,14,0.19,"SPT"
7.6,0.18,"Yes",7.2,1.7,130.9,77,15,0.19,"SPT"
7.6,0.18,"Yes",9,1.7,168,96.4,6,0.19,"SPT"
7.6,0.18,"Yes",10.2,1.7,189.3,105.9,8,0.19,"SPT"
7.6,0.18,"No",11.8,1.7,218.8,119.7,10,0.19,"SPT"
7.6,0.18,"Yes",14,1.7,261.3,140.6,18,0.18,"SPT"
7.6,0.18,"Yes",14.8,1.7,277.8,149.3,20,0.17,"SPT"
7.6,0.18,"Yes",17.2,1.7,328.2,176.2,18,0.15,"SPT"
7.6,0.18,"Yes",19.2,1.7,373.2,201.6,15,0.14,"SPT"
7.6,0.18,"Yes",1.2,2.3,20.5,20.5,13,0.12,"SPT"
7.6,0.18,"Yes",2.8,2.3,50.1,45.2,7,0.13,"SPT"
7.6,0.18,"Yes",4.2,2.3,76.9,58.3,9,0.15,"SPT"
7.6,0.18,"Yes",5.8,2.3,109.3,75,10,0.17,"SPT"
7.6,0.18,"Yes",7.2,2.3,134.5,86.5,9,0.17,"SPT"
7.6,0.18,"Yes",8.8,2.3,164.1,100.3,3,0.18,"SPT"
7.6,0.18,"Yes",10.2,2.3,190.2,112.7,8,0.18,"SPT"
7.6,0.18,"No",11.8,2.3,219.1,125.9,7,0.18,"SPT"
7.6,0.18,"No",13.2,2.3,247.5,140.6,11,0.17,"SPT"
7.6,0.18,"Yes",14.8,2.3,279.2,156.6,14,0.16,"SPT"
7.6,0.18,"Yes",16.2,2.3,308.4,172,30,0.15,"SPT"
7.6,0.18,"Yes",17.8,2.3,345.3,193.3,16,0.14,"SPT"
7.6,0.18,"Yes",19.2,2.3,375,209.2,13,0.14,"SPT"
7.6,0.18,"Yes",2.8,0.8,45.6,25.9,12,0.2,"SPT"
7.6,0.18,"Yes",4.2,0.8,70.3,37,7,0.22,"SPT"
7.6,0.18,"No",5.8,0.8,98.2,49.1,9,0.23,"SPT"
7.6,0.18,"Yes",7.2,0.8,125.5,62.7,6,0.23,"SPT"
7.6,0.18,"Yes",8.8,0.8,156.6,78.2,13,0.22,"SPT"
7.6,0.18,"Yes",10.2,0.8,182.1,89.9,14,0.22,"SPT"
7.6,0.18,"No",11.8,0.8,211.1,103.2,15,0.21,"SPT"
7.6,0.18,"Yes",14.8,0.8,271.2,133.8,12,0.18,"SPT"
7.6,0.18,"Yes",17.8,0.8,331.1,164.4,14,0.16,"SPT"
7.6,0.18,"Yes",19.2,0.8,358.7,178.2,13,0.15,"SPT"
7.6,0.18,"No",2.2,2,39.1,37.1,9,0.12,"SPT"
7.6,0.18,"No",4.2,2,80.9,59.3,4,0.16,"SPT"
7.6,0.18,"No",5.8,2,110.2,73,6,0.17,"SPT"
7.6,0.18,"No",7.2,2,137.5,86.4,14,0.18,"SPT"
7.6,0.18,"Yes",8.8,2,171,104.3,7,0.18,"SPT"
7.6,0.18,"Yes",10.2,2,197.1,116.6,15,0.18,"SPT"
7.6,0.18,"Yes",11.8,2,228.5,132.3,23,0.18,"SPT"
7.6,0.18,"Yes",13.2,2,257.4,147.6,25,0.17,"SPT"
7.6,0.18,"Yes",14.8,2,292.1,166.5,26,0.16,"SPT"
7.6,0.18,"Yes",16.2,2,323.4,184.1,17,0.15,"SPT"
7.6,0.18,"Yes",17.8,2,358.3,203.3,21,0.14,"SPT"
7.6,0.18,"Yes",19.2,2,388.9,220.2,10,0.13,"SPT"
7.6,0.18,"No",2.2,1.1,36.4,25.7,7,0.17,"SPT"
7.6,0.18,"No",3.8,1.1,66.5,40,10,0.19,"SPT"
7.6,0.18,"No",5.2,1.1,93.6,53.4,9,0.2,"SPT"
7.6,0.18,"No",6.8,1.1,124,68.1,10,0.21,"SPT"
7.6,0.18,"No",8.2,1.1,153.5,83.9,16,0.2,"SPT"
7.6,0.18,"Yes",9.8,1.1,186.9,101.6,13,0.2,"SPT"
7.6,0.18,"Yes",11.2,1.1,212.2,113.1,20,0.2,"SPT"
7.6,0.18,"Yes",12.8,1.1,244.1,129.3,25,0.19,"SPT"
7.6,0.18,"Yes",14.2,1.1,275.1,146.6,19,0.18,"SPT"
7.6,0.18,"Yes",15.8,1.1,308,163.8,24,0.16,"SPT"
7.6,0.18,"Yes",17.2,1.1,339.4,181.4,21,0.15,"SPT"
7.6,0.18,"Yes",18.8,1.1,374.6,201,16,0.14,"SPT"
7.6,0.18,"Yes",1.2,2.3,17.7,17.7,7,0.12,"SPT"
7.6,0.18,"No",2.8,2.3,43.5,38.6,6,0.13,"SPT"
7.6,0.18,"No",4.2,2.3,70.4,51.8,5,0.16,"SPT"
7.6,0.18,"No",6.8,2.3,118.2,74.1,6,0.18,"SPT"
7.6,0.18,"No",8.8,2.3,156.3,92.6,7,0.19,"SPT"
7.6,0.18,"Yes",10.1,2.3,180.5,103.9,18,0.19,"SPT"
7.6,0.18,"Yes",11.8,2.3,213.8,120.6,13,0.18,"SPT"
7.6,0.18,"Yes",13.2,2.3,241,134.1,11,0.18,"SPT"
7.6,0.18,"Yes",14.8,2.3,272.3,149.7,18,0.17,"SPT"
7.6,0.18,"Yes",16.2,2.3,300.7,164.3,11,0.16,"SPT"
7.6,0.18,"Yes",17.8,2.3,331.9,179.9,18,0.15,"SPT"
7.6,0.18,"Yes",19.2,2.3,361.1,195.3,43,0.14,"SPT"
7.6,0.18,"Yes",1.2,2.3,16.4,16.4,25,0.12,"SPT"
7.6,0.18,"Yes",2.8,2.3,40.1,35.1,5,0.13,"SPT"
7.6,0.18,"No",4.2,2.3,64.4,45.7,6,0.16,"SPT"
7.6,0.18,"Yes",5.8,2.3,96.1,61.8,7,0.18,"SPT"
7.6,0.18,"Yes",7.2,2.3,121.2,73.1,7,0.19,"SPT"
7.6,0.18,"Yes",8.8,2.3,150.1,86.4,7,0.19,"SPT"
7.6,0.18,"Yes",10.2,2.3,175.3,97.8,6,0.19,"SPT"
7.6,0.18,"No",11.8,2.3,203.1,110,8,0.19,"SPT"
7.6,0.18,"Yes",13.2,2.3,229.7,122.8,21,0.18,"SPT"
7.6,0.18,"Yes",14.8,2.3,262.4,139.8,19,0.17,"SPT"
7.6,0.18,"Yes",16.2,2.3,291.6,155.3,16,0.16,"SPT"
7.6,0.18,"Yes",17.2,2.3,313,166.8,8,0.15,"SPT"
7.6,0.18,"Yes",19.2,2.3,351.7,185.9,10,0.14,"SPT"
7.6,0.38,"No",2.8,0.99,50.9,33.2,13,0.38,"SPT"
7.6,0.38,"No",4.2,0.99,78.6,47.1,8,0.41,"SPT"
7.6,0.38,"No",5.4,0.99,101.8,58.5,13,0.42,"SPT"
7.6,0.38,"No",7.2,0.99,138,77.1,15,0.43,"SPT"
7.6,0.38,"No",9.2,0.99,179.3,98.7,15,0.42,"SPT"
7.6,0.38,"No",11.2,0.99,219.5,119.3,16,0.4,"SPT"
7.6,0.38,"Yes",12.2,0.99,239.3,129.3,18,0.39,"SPT"
7.6,0.38,"No",13.8,0.99,271.8,146.1,17,0.37,"SPT"
7.6,0.38,"Yes",15.2,0.99,299.5,160.1,21,0.35,"SPT"
7.6,0.38,"Yes",17.2,0.99,339.1,180,30,0.33,"SPT"
7.6,0.38,"Yes",1.2,0.7,39.7,34.8,30,0.28,"SPT"
7.6,0.38,"No",3.2,0.7,84.1,59.6,15,0.35,"SPT"
7.6,0.38,"No",6.2,0.7,150.4,96.4,20,0.37,"SPT"
7.6,0.38,"No",8.6,0.7,206.1,128.6,13,0.37,"SPT"
7.6,0.38,"No",10.2,0.7,237.1,143.9,18,0.37,"SPT"
7.6,0.38,"No",12.2,0.7,279.2,166.3,21,0.36,"SPT"
7.6,0.38,"Yes",13.2,0.7,299.8,177.2,33,0.35,"SPT"
7.6,0.38,"Yes",14.2,0.7,320.6,188.2,36,0.34,"SPT"
7.6,0.38,"Yes",14.8,0.7,333.6,195.3,62,0.33,"SPT"
7.6,0.38,"Yes",16.2,0.7,362.6,210.5,49,0.31,"SPT"
7.6,0.38,"Yes",1.2,5,24.8,24.8,41,0.25,"SPT"
7.6,0.38,"Yes",4.2,5,67.6,67.6,10,0.24,"SPT"
7.6,0.38,"No",5.8,5,96.8,89,9,0.26,"SPT"
7.6,0.38,"No",7.2,5,125.1,103.5,23,0.29,"SPT"
7.6,0.38,"No",8.8,5,161.1,123.8,14,0.3,"SPT"
7.6,0.38,"Yes",10.2,5,189.6,138.6,18,0.31,"SPT"
7.6,0.38,"Yes",11.8,5,221.9,155.2,13,0.31,"SPT"
7.6,0.38,"Yes",13.2,5,250.4,169.9,17,0.3,"SPT"
7.6,0.38,"Yes",14.8,5,282.2,186.1,18,0.29,"SPT"
7.6,0.38,"Yes",17.8,5,342.5,217,31,0.27,"SPT"
7.6,0.38,"Yes",19.2,5,371.3,232,38,0.26,"SPT"
7.6,0.38,"Yes",1.2,1.5,21.5,21.5,27,0.25,"SPT"
7.6,0.38,"No",3.8,1.5,74.1,51.5,15,0.35,"SPT"
7.6,0.38,"No",5.8,1.5,115.1,73,14,0.38,"SPT"
7.6,0.38,"No",7.2,1.5,144.2,88.3,22,0.39,"SPT"
7.6,0.38,"Yes",10.2,1.5,208,122.7,5,0.38,"SPT"
7.6,0.38,"Yes",10.8,1.5,220.2,129,4,0.38,"SPT"
7.6,0.38,"Yes",11.8,1.5,240.3,139.3,16,0.37,"SPT"
7.6,0.38,"Yes",13.2,1.5,267.4,152.7,14,0.36,"SPT"
7.6,0.38,"Yes",14.8,1.5,299.3,168.9,18,0.34,"SPT"
7.6,0.38,"Yes",16.2,1.5,326.4,182.2,18,0.32,"SPT"
7.6,0.38,"Yes",17.8,1.5,358.2,198.3,28,0.3,"SPT"
7.6,0.38,"Yes",18.8,1.5,378.9,209.2,63,0.29,"SPT"
7.6,0.38,"Yes",7.2,1.9,147.5,95.5,6,0.37,"SPT"
7.6,0.38,"Yes",8.8,1.9,179.4,111.7,63,0.37,"SPT"
7.6,0.38,"Yes",12,1.9,245.5,146.4,14,0.36,"SPT"
7.6,0.38,"Yes",13.2,1.9,269.7,158.9,42,0.35,"SPT"
7.6,0.38,"Yes",14.8,1.9,302.7,176.2,36,0.33,"SPT"
7.6,0.38,"Yes",16.2,1.9,332.1,191.8,30,0.31,"SPT"
7.6,0.38,"Yes",17.8,1.9,366,210.1,33,0.29,"SPT"
7.6,0.67,"No",1.8,1.14,29.7,23.2,4,0.56,"SPT"
7.6,0.67,"Yes",3.2,1.14,56.9,36.7,14,0.67,"SPT"
7.6,0.67,"No",4.2,1.14,76.7,46.7,8,0.71,"SPT"
7.6,0.67,"No",5.2,1.14,96.1,56.3,21,0.73,"SPT"
7.6,0.67,"No",6.2,1.14,114.1,64.5,16,0.75,"SPT"
7.6,0.67,"No",8.6,1.14,163.2,90,18,0.74,"SPT"
7.6,0.67,"Yes",11.2,1.14,216.7,118,23,0.71,"SPT"
7.6,0.67,"Yes",12.2,1.14,238.2,129.7,36,0.69,"SPT"
7.6,0.67,"No",13.2,1.14,259.7,141.4,28,0.67,"SPT"
7.6,0.67,"Yes",14.2,1.14,281.5,153.4,58,0.64,"SPT"
7.6,0.67,"Yes",2,0.75,37.7,25.4,10,0.65,"SPT"
7.6,0.67,"No",4.2,0.75,82.5,48.7,9,0.73,"SPT"
7.6,0.67,"No",7.2,0.75,144.6,81.3,11,0.74,"SPT"
7.6,0.67,"No",10.2,0.75,206.5,113.8,21,0.72,"SPT"
7.6,0.67,"No",12.2,0.75,248.3,135.9,24,0.69,"SPT"
7.6,0.67,"No",13.2,0.75,269.7,147.6,24,0.66,"SPT"
7.6,0.67,"No",14.2,0.75,291.4,159.4,19,0.64,"SPT"
7.6,0.67,"Yes",6.2,0.5,123.1,67.2,13,0.77,"SPT"
7.6,0.67,"No",8.8,0.5,176.8,95.4,15,0.76,"SPT"
7.6,0.67,"No",11.2,0.5,226.6,121.7,13,0.72,"SPT"
7.6,0.67,"No",13.2,0.5,270.2,145.6,20,0.67,"SPT"
7.6,0.67,"No",14.2,0.5,291.9,157.5,20,0.65,"SPT"
7.6,0.67,"No",15.2,0.5,313.2,169,15,0.62,"SPT"
7.6,0.67,"Yes",16.2,0.5,334.5,180.5,30,0.59,"SPT"
7.6,0.67,"Yes",17.2,0.5,356.3,192.4,28,0.56,"SPT"
7.6,0.67,"No",18.2,0.5,378,204.4,18,0.54,"SPT"
7.6,0.67,"Yes",19.2,0.5,400.1,216.6,32,0.52,"SPT"
7.6,0.67,"No",2.8,1.57,55.2,43.1,9,0.55,"SPT"
7.6,0.67,"No",3.8,1.57,75.8,54,18,0.6,"SPT"
7.6,0.67,"Yes",5.6,1.57,112.9,73.4,26,0.65,"SPT"
7.6,0.67,"No",8.2,1.57,169.1,104.1,19,0.67,"SPT"
7.6,0.67,"Yes",0.8,3.6,12.1,12.1,8,0.44,"SPT"
7.6,0.67,"Yes",1.8,3.6,28.9,28.9,8,0.44,"SPT"
7.6,0.67,"Yes",2.8,3.6,43.1,43.1,1,0.43,"SPT"
7.6,0.67,"No",3.8,3.6,58.9,56.9,4,0.45,"SPT"
7.6,0.67,"No",5.2,3.6,87.6,71.9,21,0.52,"SPT"
7.6,0.67,"No",6.2,3.6,109.2,83.7,14,0.55,"SPT"
7.6,0.67,"No",7.2,3.6,131.4,96,18,0.57,"SPT"
7.6,0.67,"No",8.2,3.6,153,107.9,22,0.59,"SPT"
7.6,0.67,"Yes",9.2,3.6,174.9,120,41,0.59,"SPT"
7.6,0.67,"No",10.2,3.6,197.3,132.5,22,0.59,"SPT"
7.6,0.67,"No",11.2,3.6,219.8,145.3,24,0.59,"SPT"
7.6,0.67,"No",12.2,3.6,242.2,157.8,21,0.58,"SPT"
7.6,0.67,"Yes",13.2,3.6,263.3,169.2,25,0.56,"SPT"
7.6,0.67,"Yes",14.2,3.6,284.6,180.6,22,0.55,"SPT"
7.6,0.67,"No",15.2,3.6,305.8,192,15,0.53,"SPT"
7.6,0.67,"Yes",0.8,1.03,13.1,13.1,14,0.44,"SPT"
7.6,0.67,"No",3.8,1.03,73.7,46.5,16,0.68,"SPT"
7.6,0.67,"No",6.8,1.03,136.7,80.1,23,0.72,"SPT"
7.6,0.67,"No",7.8,1.03,157.9,91.5,11,0.72,"SPT"
7.6,0.67,"No",9.8,1.03,198.9,112.8,15,0.71,"SPT"
7.6,0.67,"No",10.8,1.03,219.8,123.9,17,0.7,"SPT"
7.6,0.67,"No",15.8,1.03,323,178.1,25,0.59,"SPT"
7.6,0.67,"No",17.8,1.03,366.9,202.4,12,0.54,"SPT"
7.6,0.67,"Yes",18.8,1.03,387.9,213.5,26,0.52,"SPT"
7.6,0.67,"Yes",19.8,1.03,408.9,224.7,28,0.5,"SPT"
7.6,0.67,"Yes",1.2,3.2,19.3,19.3,11,0.44,"SPT"
7.6,0.67,"No",3.8,3.2,64.6,58.7,18,0.47,"SPT"
7.6,0.67,"No",5.8,3.2,108.7,83.2,16,0.55,"SPT"
7.6,0.67,"No",7.2,3.2,138.4,99.2,16,0.58,"SPT"
7.6,0.67,"Yes",8.8,3.2,171.8,116.9,15,0.6,"SPT"
7.6,0.67,"No",10.2,3.2,200.9,132.3,13,0.61,"SPT"
7.6,0.67,"Yes",11.8,3.2,234,149.6,27,0.6,"SPT"
7.6,0.67,"Yes",13.2,3.2,263.2,165.1,30,0.58,"SPT"
7.6,0.67,"Yes",14.8,3.2,296.9,183.1,35,0.55,"SPT"
7.6,0.67,"Yes",18.8,3.2,386.7,233.7,24,0.47,"SPT"
7.6,0.67,"No",1.2,0.5,21.7,14.8,3,0.64,"SPT"
7.6,0.67,"No",3.8,0.5,74,41.6,8,0.77,"SPT"
7.6,0.67,"Yes",5.8,0.5,115.4,63.4,9,0.77,"SPT"
7.6,0.67,"No",7.5,0.5,151.7,83,25,0.76,"SPT"
7.6,0.67,"No",8.8,0.5,179.1,97.7,21,0.75,"SPT"
7.6,0.67,"Yes",10.2,0.5,208.5,113.4,24,0.73,"SPT"
7.6,0.67,"Yes",11.8,0.5,242.3,131.4,27,0.7,"SPT"
7.6,0.67,"Yes",13.2,0.5,270.8,146.3,17,0.67,"SPT"
7.6,0.67,"Yes",14.8,0.5,304.7,164.4,38,0.63,"SPT"
7.6,0.67,"Yes",16.2,0.5,334.1,180.1,13,0.59,"SPT"
7.6,0.67,"Yes",17.8,0.5,367.5,197.7,13,0.55,"SPT"
7.6,0.67,"Yes",19.2,0.5,396.8,213.3,11,0.52,"SPT"
7.6,0.67,"Yes",1.2,1.4,20.4,20.4,27,0.44,"SPT"
7.6,0.67,"No",3.8,1.4,70.3,46.7,14,0.65,"SPT"
7.6,0.67,"No",5.8,1.4,109.3,66.2,16,0.7,"SPT"
7.6,0.67,"No",7.2,1.4,139.1,82.2,19,0.71,"SPT"
7.6,0.67,"Yes",8.8,1.4,173.1,100.5,28,0.71,"SPT"
7.6,0.67,"No",10.2,1.4,202.9,116.6,21,0.69,"SPT"
7.6,0.67,"Yes",11.8,1.4,236.6,134.6,26,0.67,"SPT"
7.6,0.67,"Yes",13.2,1.4,266.4,150.6,18,0.64,"SPT"
7.6,0.67,"Yes",14.8,1.4,299.3,167.8,23,0.61,"SPT"
7.6,0.67,"Yes",16.2,1.4,328.6,183.5,37,0.57,"SPT"
7.6,0.67,"Yes",17.8,1.4,362.9,202,16,0.53,"SPT"
7.6,0.67,"Yes",19.2,1.4,391.8,217.2,17,0.51,"SPT"
